id,año,presidente,protagonista_etiqueta,protagonista_descripcion,protagonista_citas,antagonista_etiqueta,antagonista_descripcion,antagonista_citas,sueno_etiqueta,sueno_descripcion,sueno_citas,epica_marco,epica_descripcion,epica_citas,metafora_central
discurso_1990,1990,aylwin,el pueblo chileno recuperando la democracia tras la dictadura,"El sujeto central es la ciudadanía chilena que retorna a la convivencia democrática después de dieciséis años de régimen autoritario. El relato se construye desde la recuperación colectiva de derechos y libertades, con Aylwin como su conductor elegido.","Desde hace setenta días, los chilenos vivimos nuevamente bajo un régimen democrático. || el chileno común está viviendo en libertad una vida más plena y más segura, sin los miedos del pasado, con alegría y esperanza, porque se sabe respetado y tomado en cuenta en su dignidad de persona || la dura experiencia de tantos años de confrontación y sufrimiento nos ha enseñado a superar caducos prejuicios e intransigencias ideológicas, a respetar explicables discrepancias","la dictadura y sus herencias: violaciones, desigualdad y división","El antagonista es el régimen autoritario de dieciséis años y sus secuelas materiales y morales: violaciones a los derechos humanos, deuda social acumulada, polarización y el miedo instalado en la vida cotidiana. No es un actor presente sino un pasado que obstruye el futuro.","Nadie puede ofenderse porque se diga que en Chile hubo dictadura; es tan sólo llamar las cosas por su nombre. || Durante más de dieciséis años, quienes gobernaron el país vivieron descalificando diariamente a sus predecesores y denigrando a sus adversarios. || Los últimos dieciséis años han significado un serio retroceso en la situación de los más pobres. En cada recesión, los sectores de menores ingresos sufrieron la desocupación y la caída de sus remuneraciones.","una patria unida en democracia, con justicia social y reconciliación","La visión aspiracional es un Chile reconciliado, donde la democracia política, el crecimiento económico y la justicia social se persigan simultáneamente. Es un país que supera la dualidad entre modernidad y marginalidad, donde todos son compatriotas y no enemigos.","Mi mayor anhelo como gobernante es entregar, a quien el pueblo elija para sucederme, una patria unida en democracia. || trabajadores, empresarios y Gobierno concuerdan en que Chile tiene hoy, como nunca antes, una oportunidad histórica de conjugar democracia política con desarrollo económico y con justicia social. || corremos el riesgo de consolidar dos países distintos y antagónicos: uno, el Chile de los que tienen acceso a la modernidad y a los frutos del crecimiento; y otro, el de los marginados",reconciliación,"El momento histórico se enmarca como una transición hacia la reconciliación nacional: el país no refunda desde cero ni celebra una ruptura total, sino que cicatriza heridas, recupera tradiciones democráticas y construye acuerdos sobre un pasado doloroso que no puede ignorarse. La épica es la del reencuentro entre compatriotas divididos.",Nuestra primera tarea es lograr la reconciliación nacional fundada en la verdad y en la justicia. || Afrontarlos no es reabrir heridas: es procurar cicatrizarlas. || Chile está viviendo una etapa promisoria de reencuentro nacional. La lógica de guerra que dividía a los chilenos en amigos y enemigos ha sido superada por la lógica de la paz.,cicatrizar heridas para reconstruir la casa común
discurso_1991,1991,aylwin,la democracia renaciente que gestiona el bien común,"El sujeto central no es el pueblo abstracto sino la institucionalidad democrática restaurada, encarnada en un gobierno que administra con responsabilidad la transición. Aylwin habla en nombre de un 'nosotros' que incluye gobierno, partidos y actores sociales comprometidos con el Estado de Derecho.","Nuestra renaciente democracia funciona sobre las bases de la plena vigencia de los derechos humanos y las libertades públicas, y del cabal ejercicio de sus atribuciones por los Poderes del Estado || No hemos llegado al Gobierno simplemente para administrar ese estado de cosas, sino para procurar cambiarlo. || Fiel a su misión fundamental de promover la unidad nacional, mi Gobierno está empeñado en que, cada vez más, las instituciones armadas y la sociedad civil compartamos los mismos valores",el pasado autoritario y sus herencias no resueltas,"El antagonista es el régimen militar anterior, cuyas consecuencias persisten en violaciones a los derechos humanos sin juzgar, una Constitución con enclaves autoritarios, tensiones con las Fuerzas Armadas y el terrorismo como herencia de la polarización. No se nombra frontalmente, pero estructura todo el relato.","Contrasta esta realidad con los negros presagios de quienes vaticinaban que nuestro gobierno traería al país caos político, desastre económico y desorden social. || los frutos de ese crecimiento se concentraron en unos pocos, sin beneficiar a los trabajadores ni a la multitud de compatriotas que viven en situación de pobreza. || Lo que el Gobierno no aceptará en ningún caso es la creación, para combatir al terrorismo, de organismos como los que existieron en el Régimen pasado, claramente incompatibles con las normas constitucionales y con los principios democráticos.","Chile reconciliado, equitativo y plenamente integrado al mundo","La visión aspiracional es un país donde la verdad y la justicia sobre el pasado permitan la unidad, donde el crecimiento económico se distribuya con equidad, y donde Chile ocupe un lugar respetado en la comunidad internacional. Es una promesa de normalidad democrática plena, no de transformación radical.","la clara dirección de construir una sociedad equitativa, y Chile se ha reinsertado plenamente, suscitando gran respeto y simpatía, en el ámbito internacional. || Mi Gobierno procurará incansablemente dejar como legado al país una economía fuerte, estable, integrada al resto del mundo y equitativa, es decir, solidaria. || La aceptación de esa verdad, compartida por la comunidad nacional, removerá un motivo de disputa y de división entre los chilenos.",reconciliación,"El momento histórico se enmarca como una tarea de reencuentro de la 'familia chilena' dividida por el autoritarismo. No es refundación ni ruptura, sino un laborioso proceso de superación de agravios para restaurar la convivencia democrática sobre bases de verdad, justicia y acuerdo.","mi profunda convicción de que el reencuentro y unidad de la familia chilena no podrían alcanzarse sin un serio esfuerzo para superar los agravios del pasado || en la medida misma en que nos concentremos en las tareas del presente y del futuro, dejando atrás el pasado -que la historia juzgará-, ese esfuerzo será más fácil y fecundo. || Alcanzar un entendimiento en esas materias, significaría dar un gran paso en la consolidación de nuestra democracia.",la democracia renaciente que avanza por cauces del derecho
discurso_1992,1992,aylwin,la nación reconciliada avanzando hacia la democracia plena,"El sujeto central es Chile como comunidad que ha superado la división autoritaria y camina colectivamente hacia la consolidación democrática. El Presidente Aylwin se presenta como conductor de ese proceso, pero el verdadero protagonista es la convivencia nacional recuperada.","Chile es hoy un país reconciliado, en que la fatídica división entre 'amigos y enemigos' que imperó por tanto tiempo ha cedido lugar a una convivencia entre compatriotas capaces de respetarnos en nuestras legítimas diferencias. || En estos dos años hemos alcanzado en el país un clima de convivencia civilizada, en un ambiente de paz cívica; de respeto a las personas; de ejercicio de derechos y libertades; de tolerancia. || Todo este proceso, que responde a las necesidades fundamentales del país y a los valores éticos que nos inspiran, es parte de la gran tarea histórica de construir una patria cada vez mejor y más próspera.",el régimen autoritario pasado y sus herencias institucionales,"El antagonista no es un actor presente sino el pasado dictatorial: sus crímenes, sus leyes amarradas y las distorsiones institucionales que aún perviven. El discurso los nombra como herencia a superar, no como enemigo activo.","La transición era el paso del Gobierno autoritario al Régimen democrático, del Estado policial al Estado de Derecho, del abuso de poder a la vigencia de las libertades. || la exigencia de 'proposición' del respectivo Comandante en Jefe o Director, manifiestamente inconstitucional, que las leyes orgánicas constitucionales de las Fuerzas Armadas y de Carabineros, dictadas en las postrimerías del Régimen anterior, prescribieron. || El sistema binominal mayoritario, actualmente establecido para la generación del Parlamento, afecta gravemente la representatividad del Congreso Nacional, y puede generar serias crisis de gobernabilidad.","una patria próspera, justa y plenamente democrática para todos","La visión aspiracional es un Chile donde la libertad, la justicia y la solidaridad sean reales para todos los ciudadanos, con instituciones democráticas auténticas, economía moderna y superación de la pobreza. Se proyecta como tarea que trasciende al gobierno actual.","construir una patria cada vez mejor y más próspera, donde la libertad, la justicia, la solidaridad y la alegría de vivir sean ciertas para todos. || Consecuentes con nuestra convicción de que el mayor desafío de los pueblos del mundo es derrotar a la pobreza, lo que exige de todos un serio esfuerzo de solidaridad y justicia social internacional. || alcanzar en nuestro Chile una forma de convivencia nacional verdaderamente libre y humana que, superando las hondas divisiones y heridas del pasado, se fundara en el respeto a la verdad y a las personas, en la plena vigencia de los derechos humanos.",reconciliación,"El momento histórico se enmarca como la consolidación exitosa de la reconciliación nacional tras la dictadura. Aylwin presenta el período no como transición inconclusa sino como etapa superada, y el relato épico es el de una nación que eligió el entendimiento sobre la venganza.","Recién enterada la mitad de mi mandato, es satisfactorio para mí -y confío que lo será para todos los chilenos- comprobar que las metas de reconciliación nacional, consolidación democrática, desarrollo económico, justicia social y reinserción internacional que nos propusimos están siendo cumplidas. || Pudimos llegar, en son de vencedores, a vengar agravios, a denunciar abusos y privilegios... Preferimos el camino del entendimiento y la reconciliación. || Esto es lo que me llevó a decir, hace algún tiempo, que considero concluida la etapa de 'transición a la democracia'.",construir la patria desde la convivencia civilizada
discurso_1993,1993,aylwin,la nación en transición democrática consolidando logros concretos,"El sujeto central es Chile como colectividad que ya completó el tránsito desde el autoritarismo y ahora administra, mide y acumula resultados. El Presidente habla desde el rol de gestor que rinde cuentas de tareas cumplidas.","El tránsito del largo lapso de régimen autoritario al funcionamiento normal de nuestra convivencia democrática ha tenido lugar sin traumas ni quebrantos. || Chile vive en paz. La gente goza de libertad. El país progresa. Nuestra estabilidad política, nuestro crecimiento económico y nuestro desarrollo social suscitan elogios en el exterior. || el país ha entrado en una senda de crecimiento alto y sostenido, que se está traduciendo en una mejoría permanente en las condiciones de vida de la población, sobre todo de los más pobres",el legado autoritario y los enclaves institucionales que frenan la democracia,"El antagonista principal es el pasado autoritario y sus residuos institucionales vigentes: el sistema electoral binominal, los senadores designados, las leyes orgánicas que limitan al Presidente. No es una fuerza exterior sino una herencia incrustada en la propia institucionalidad.","Digámoslo con franqueza: todos estos son rasgos de lo que los teóricos del autoritarismo llaman democracia 'protegida' o 'tutelada'. Le tienen miedo a la democracia y se valen de estos mecanismos para frenar el cumplimiento de la voluntad del pueblo. || el país venía saliendo de un largo período de profundas divisiones, en el que, por variados motivos, prevaleció en nuestra convivencia una lógica de guerra que separaba a los chilenos en 'amigos' y 'enemigos'. || La restricción impuesta por las referidas Leyes Orgánicas, dictadas pocos días antes de que asumiera el Gobierno democrático, contradice esos claros textos","democracia plena, equidad social y desarrollo sostenido sin tutelas","El Chile prometido es uno donde la democracia funciona sin amarras autoritarias, la pobreza retrocede gracias al crecimiento con equidad, y la convivencia descansa en la reconciliación y la justicia. Es un horizonte de normalidad democrática y progreso compartido.","construir la unidad nacional, consolidar y perfeccionar nuestra democracia, desarrollar y modernizar nuestra economía, promover la justicia social e integrar a Chile como actor respetado en la comunidad internacional || creo en la capacidad del pueblo para gobernarse, sin 'tutores', dentro del marco de las reglas básicas institucionales || La vigencia de la libertad, la equitativa participación democrática, la superación de la extrema pobreza, la eliminación de las injusticias sociales y el prestigio de la nación son requisitos indispensables para lograr una verdadera y sólida unidad nacional.",recuperación,"El momento se enmarca como una recuperación ya casi consumada: la democracia fue restaurada sin trauma, los indicadores mejoran y las instituciones funcionan. El tono no es de refundación sino de consolidación de lo recuperado, con tareas pendientes que trascienden al gobierno.","A poco de cumplir tres años de Gobierno y recién iniciado el último de mi mandato, cumplo el deber constitucional de dar cuenta al país 'del estado administrativo y político de la Nación'. || Debe ser motivo de legítima satisfacción para los chilenos, especialmente para quienes tenemos responsabilidades en la conducción de nuestra patria, la forma como ha transcurrido la vida política, económica y social del país en este período. || Pienso que todas éstas son tareas nacionales, de proyección histórica, que trascienden un Gobierno y que, a medida que se las va cumpliendo, adquieren nuevas modalidades.",tareas nacionales que se van cumpliendo paso a paso
discurso_1994,1994,frei,una nación con oportunidad histórica que debe aprovecharla,"El sujeto central no es el gobierno ni un grupo excluido, sino Chile como comunidad que, por primera vez en décadas, tiene las condiciones para saltar al desarrollo. El relato convoca a todos los chilenos a asumir colectivamente esa oportunidad.","Vengo a afirmar que Chile tiene una gran oportunidad histórica. Vengo a invitar al país a asumirla. || El fruto de múltiples gobiernos y de profundas experiencias sociales conforma una herencia única que hoy la historia pone en nuestras manos. || Si somos capaces de mantener estas tendencias en los próximos diez años, ciertamente el país del próximo siglo habrá alcanzado el umbral donde concluye el subdesarrollo.","el subdesarrollo, la pobreza y las oportunidades históricas perdidas","El adversario no es un actor político presente sino una condición estructural: el subdesarrollo que persiste, la pobreza que excluye a compatriotas, y el fantasma de haber desperdiciado oportunidades similares en el pasado. La amenaza es interna y acumulada.","Es una gran amargura para un pueblo perder su oportunidad y esperar largos períodos para encontrar una nueva. || Si no actuamos con decisión en estos planos, seremos responsables de estar perpetuando la existencia de dos países: un Chile moderno, rico y próspero, y otro añejo, atrasado y pobre. || el 50 por ciento del sector más pobre de nuestra población, los niños de cuarto año básico no son capaces de aprender a leer y escribir. Esa es la realidad.","Chile desarrollado, sin pobreza extrema, integrado al mundo","La visión aspiracional es un país que supera el subdesarrollo en una generación, donde el crecimiento económico sostenido se acompaña de equidad social, educación de calidad e inserción internacional plena. Es un Chile que, por fin, es una sola patria para todos.",Nuestra generación de políticos será la responsable de responder ante la historia por lo que seamos capaces de hacer para que Chile sea una sola patria. || el país del próximo siglo habrá alcanzado el umbral donde concluye el subdesarrollo. || más de un millón 200 mil de nuestros compatriotas dejaron de ser pobres de la manera más digna conocida: trabajando y ganándose su propio sustento.,oportunidad,"El momento histórico se enmarca como una ventana excepcional y frágil que Chile no puede volver a desperdiciar. La constelación de factores económicos, internacionales y democráticos abre una posibilidad única que exige disciplina colectiva y unidad nacional.",Mi convicción más profunda es que una poderosa constelación de factores nacionales e internacionales abre ante nosotros una gran oportunidad. || Este mensaje es un testimonio de que se abre un nuevo ciclo histórico. || estamos ante una nueva oportunidad histórica.,una oportunidad histórica que no se puede desperdiciar
discurso_1995,1995,frei,la nación conducida hacia su oportunidad histórica de desarrollo,"El sujeto central no es el gobierno ni el pueblo en abstracto, sino Chile como comunidad histórica que tiene ante sí una ventana excepcional de progreso. El Presidente se presenta como conductor que cuida esa oportunidad en nombre de todos.","Desde el principio de mi Gobierno, he reiterado que Chile tiene una nueva oportunidad en su desarrollo. || Mi principal deber es cuidar esta oportunidad histórica. El país no puede entrar en confusiones que lo paralicen. || La oportunidad que se nos ofrece tiene sus más sólidos cimientos en el esfuerzo del pueblo de Chile.","obstáculos internos: instituciones autoritarias, desigualdad y conductas regresivas","El antagonista no es un actor externo sino una constelación de fuerzas internas: instituciones de origen autoritario que obstruyen la democracia plena, comportamientos de élites que privatizan ganancias y socializan pérdidas, y actitudes de mediocridad y hedonismo que dilapidan la oportunidad.","el país se da cuenta de la contradicción de vivir en un ambiente de normalidad democrática, y experimentar a la vez una obstrucción proveniente de instituciones de origen autoritario y sin raíces en nuestra tradición republicana. || ¡El país se cansa de quienes en la mañana exigen reducir el Estado y en la tarde ya están pidiendo que los protejan de los vaivenes del mercado! || he denunciado el flagelo del hedonismo a través de la droga o el exceso de consumo, porque nos distrae del trabajo realizado con puntualidad, excelencia e innovación.","Chile desarrollado, equitativo, solidario y plenamente democrático antes del año 2000","La visión aspiracional es un país que termina con la extrema pobreza, alcanza estándares de naciones desarrolladas, completa su democracia institucional y cultiva una ética colectiva de excelencia, cooperación y solidaridad activa.","Es este horizonte de estabilidad, alto ahorro y mayor inversión lo que hace viable y creíble nuestra aspiración de terminar con la extrema pobreza en el país. || El reto para nosotros es más simple: construir un país a escala humana para catorce millones de chilenos, en que todas las dimensiones que unan el ser con el tener sean de calidad. || queremos vivir en paz interna y en concordia, y conquistar una mejor calidad de vida para todos los chilenos.",oportunidad,"El momento histórico se enmarca explícita y reiteradamente como una 'oportunidad' irrepetible: confluencia de crecimiento sostenido, transición democrática exitosa y apertura internacional. El discurso no refunda ni reconcilia; administra y cuida una ventana que podría cerrarse si no se actúa con responsabilidad.","La he llamado así para señalar un conjunto de factores internacionales, económicos y políticos que posibilitan un nuevo avance. || Hace ya más de un siglo, otros chilenos y chilenas creyeron que el progreso alcanzado ya era suficiente, y florecieron el diletantismo y la frivolidad. Ese fue el término de esa gran oportunidad. || Estamos viviendo una experiencia inédita y estimulante. Y como en todo proceso de transformación y adaptación, hay empuje e inercias; hay potencialidades y obstáculos.",la oportunidad histórica que hay que cuidar y no desperdiciar
discurso_1996,1996,frei,Chile como nación en marcha hacia el desarrollo histórico,"El sujeto central no es el pueblo sufriente ni el gobernante heroico, sino Chile como proceso colectivo de transformación que avanza hacia el desarrollo. El Presidente se presenta como testigo privilegiado y conductor de ese proceso.","desde el corazón de nuestra Nación está surgiendo un Chile desarrollado, que está más cerca de materializar el sueño sustentado por generaciones de visionarios y luchadores. || Chile progresa y experimenta una transformación de escala mayor y de alcances históricos. No sólo está cambiando nuestro paisaje económico y físico; también está cambiando nuestro rostro social || Al mismo tiempo, debemos tener presente que Chile ya no es más el de fines de la década del setenta. Tampoco es el mismo de fines de los ochenta.","el pasado autoritario, la pobreza y las resistencias al cambio","El antagonista es múltiple: el pasado dictatorial que 'se hace presente' (caso Letelier, enclaves autoritarios en la Constitución), la pobreza extrema heredada, y los senadores de oposición que bloquean la reforma constitucional.","El país volvió a experimentar, no sin cierta amargura y desilusión, que nuestro pasado se hacía presente con todo su potencial de conflicto y desgarro. || la posición de un grupo minoritario de senadores que se opusieron al proyecto me causa preocupación y la considero un grave error político y conceptual. || Ya dejamos atrás el Chile del PEM y del POJH, de ollas comunes, poblado de campamentos, con desempleo masivo, con niños que no tienen escuela donde ir o centros de salud donde ser atendidos.",Chile desarrollado con igualdad de oportunidades al umbral del siglo XXI,"La visión aspiracional es un Chile que llega al año 2000 habiendo derrotado la pobreza extrema, modernizado su infraestructura y construido una sociedad de oportunidades reales para todos, integrada al mundo y plenamente democrática.","el desafío presente y futuro de nuestra política social es convertir la gran oportunidad que tiene Chile, en oportunidades reales y efectivas para todos los chilenos y chilenas. || Chile no puede aspirar a ser un país moderno y desarrollado si no utiliza la voluntad y la imaginación necesarias para hacer compatibles el crecimiento con la equidad, el desarrollo con la solidaridad || hacer de nuestra Patria una nación profundamente libertaria y plenamente democrática",modernización,"El momento histórico se enmarca como una oportunidad irrepetible de modernización integral —económica, institucional, social e infraestructural— que Chile debe cuidar y profundizar. El riesgo no es la catástrofe sino desperdiciar la oportunidad.","Esta es mi tercer mensaje presidencial. Es la hora de reflexionar sobre nuestra marcha como Nación, en esta etapa de la realización de nuestra oportunidad histórica. || CUIDANDO NUESTRA OPORTUNIDAD. El camino hacia el desarrollo no es lineal y automático. Requiere cuidar lo que hemos logrado y prevenir en forma positiva situaciones que pueden impedir el despliegue de nuestras potencialidades. || Hemos tomado decisiones que, sin duda, transformarán radicalmente el rostro del país en los próximos años, en áreas vitales para nuestro desarrollo",el rostro de Chile que cambia y se transforma
discurso_1997,1997,frei,los chilenos excluidos que esperan su oportunidad histórica,"El relato sitúa en el centro a los compatriotas que han sido postergados —pobres, jóvenes, mujeres jefas de hogar, adultos mayores— como destinatarios de un proyecto de modernización con equidad. El gobierno actúa en su nombre y para su beneficio concreto.","las oportunidades son para todos y cada uno de los chilenos. Para los jóvenes, para los trabajadores, para las mujeres, para los empresarios, para los soldados. || ¡No más miseria a la orilla de los ríos, de las ciudades, de la vida! ¡Queremos un Chile sin campamentos, con viviendas dignas para nuestra gente! || un 25 por ciento de estas unidades familiares está bajo la línea de pobreza, lo cual configura un estrato de muy alta vulnerabilidad.","la herencia de inequidad, pobreza dura y déficits del pasado","El adversario principal es la acumulación histórica de carencias —en educación, salud, vivienda, justicia— legadas por la década del ochenta y por una sociedad que confundía democracia con mercado. Aparece también la amenaza del crimen, el terrorismo y las drogas como fuerzas desintegradoras.","El bajo gasto en salud durante la década del ochenta derivó en un deterioro de las prestaciones, que afectó especialmente a los más pobres, ahondó las inequidades en el acceso. || La actual política social no es capaz por sí sola de dar respuesta a la extrema miseria. Debemos innovar radicalmente, con programas que salgan a buscar a la gente allí donde ella sufre la pobreza y la marginación. || Si los parlamentarios de derecha se negaran a este histórico avance, los afectados no serían los niños y jóvenes de sectores acomodados. Los reales afectados serían los hijos de la gran mayoría de los chilenos.",Chile moderno con igualdad de oportunidades para todos sus habitantes,"La visión aspiracional es una nación integrada donde cada persona —sin importar origen social, género o geografía— acceda a educación de calidad, salud oportuna, vivienda digna y justicia eficaz. Se trata de un proyecto de modernización integral que conjuga crecimiento económico con equidad social.","Es la oportunidad de que nuestra democracia amplíe las libertades públicas; afirme sus sólidas bases económicas, con integración y prestigio en la comunidad internacional, y abra posibilidades ciertas de desarrollo a su gente. || estoy seguro de que desde los primeros años del siglo XXI, Chile contará con una justicia rápida, eficaz, honesta y preparada para resolver los problemas que aquejan a las personas. || buscar que el poder, la riqueza y los frutos del progreso se difundan y distribuyan en la sociedad, y que no se concentren de modo que se restrinja el ámbito de libertad de las generaciones presentes y futuras.",modernización,"El momento se enmarca como una oportunidad histórica irrepetible de transformación integral —educativa, judicial, económica, social— que la Concertación está aprovechando con responsabilidad y sin demagogia. No es ruptura ni refundación, sino construcción laboriosa paso a paso sobre bases democráticas ya conquistadas.","La convicción de que Chile tiene una oportunidad histórica en sus manos, que debe ser aprovechada por la Nación entera, ha sido una orientación permanente y un eje de nuestra acción. || Desde su creación en el siglo pasado, el sistema judicial nunca ha sido reformado integralmente. Éste es el primer gobierno que enfrenta con decisión y profundidad el desafío de modernización de una de las instituciones fundamentales de la sociedad. || En estos años hemos actuado con responsabilidad y prudencia, sin demagogia ni oportunismo. Nos alzamos sobre una realidad trabajosamente conseguida.",abrir oportunidades concretas para toda la gente
discurso_1998,1998,frei,ciudadanos que avanzan por esfuerzo propio hacia el desarrollo,"El sujeto central es el chileno trabajador y emprendedor que, con perseverancia y responsabilidad individual, protagoniza el progreso del país. La nación avanza como suma del esfuerzo colectivo de sus miembros.","La gente se ha esforzado y por eso el país progresa. Nuestra democracia evoluciona y por eso son más sólidas nuestras libertades. || los chilenos trabajan con enorme dedicación, los padres -especialmente, las mujeres, las madres- se preocupan por dar la mejor educación posible a sus hijos, por tener una vivienda propia y cuidarla || Un país que busca desarrollarse depende, ante todo, de sus propias capacidades y del esfuerzo de su gente.",la desigualdad heredada y el rezago institucional del pasado,"El adversario no es una fuerza política concreta sino el lastre acumulado: la exclusión social, el deterioro institucional del período militar y la resistencia de sectores opositores al perfeccionamiento democrático.","el consumo por persona aumentó un 32 por ciento, contra cero por ciento en los 17 años que duró ese gobierno. || Hace nueve años, por ejemplo, el sistema público disponía de un solo scanner; hoy tiene 21. || sectores de la Oposición han sido renuentes al cambio, incluso pasando por encima de acuerdos, de sus dirigentes y organismos de dirección.","Chile desarrollado con equidad, integrado al mundo, al año 2010","La visión aspiracional es una nación desarrollada antes del bicentenario de 2010, donde el crecimiento económico se combina con justicia social, educación de calidad, instituciones modernas y plena inserción global. Es un horizonte generacional concreto, no abstracto.",podemos alcanzar la meta junto con celebrar el segundo centenario de nuestra Independencia: en el año 2010. || Un país donde toda mujer y hombre sean respetados en su dignidad y participen como miembros de una comunidad democrática que valora la justicia social. || Chile se ha hecho parte del mundo y estamos dispuestos a participar en la aventura del futuro que se abre con el próximo siglo.,modernización,"El discurso enmarca el momento histórico como una oportunidad única e irrepetible de modernización integral: económica, educacional e institucional. El tono es el de una generación con una ventana histórica abierta que no puede desperdiciarse.","Llegué al Gobierno con la convicción de que el país tenía una oportunidad histórica: la de convertirse en una nación desarrollada en el tiempo de nuestra generación. || Tenemos que elegir: o seguimos adelante con el proceso de desarrollo del país, que nos impone aceptar mayores transformaciones aún, o dejamos que el futuro pase de largo a nuestro lado. ¡No hay una tercera opción! || Por primera vez tenemos esa posibilidad. Nos separan de ella sólo unos pocos años, pero enormes tareas.",un país que avanza sembrando hoy para cosechar mañana
discurso_1999,1999,frei,la familia chilena que ascendió desde la pobreza y la precariedad,"El sujeto central del relato es la familia chilena concreta, cuya mejora material y de dignidad sirve como medida y justificación de toda la acción de gobierno. No es el ciudadano abstracto ni el pueblo soberano, sino el hogar específico con vivienda, salud, salario y futuro.","Quiero mostrar cómo las familias chilenas, aquel núcleo humano donde crecemos y vivimos, han experimentado un cambio sustantivo en su calidad de vida y en sus proyecciones. || Siempre hemos sostenido que la dignidad de nuestro país es la de todas y cada una de sus familias. || Más de dos millones de chilenas y chilenos han dejado atrás la condición de pobreza; nos muestran que los esfuerzos desplegados han estado en la dirección correcta.","la herencia de precariedad, las crisis externas y el ajuste injusto","El antagonista es doble: por un lado, la pobreza estructural y el abandono de décadas anteriores —especialmente los años 70 y 80— que dejaron al país sin infraestructura, con salarios mínimos miserables y con ajustes que castigaron a los más pobres; por otro, la crisis económica mundial de 1998-1999 que amenaza revertir los logros.","En 1973, la doble vía en la Ruta 5 Sur llegaba hasta San Fernando. A fines de 1989, seguía llegando hasta San Fernando. ¡Ni un solo kilómetro adicional! || Hemos conocido, en los años '80, ajustes económicos que cercenaron implacablemente las pensiones de los más pobres. || La crisis económica, que se inició en Asia y se extendió a varios países del mundo, incluyendo a nuestra América Latina, incidió seriamente en los precios y el dinamismo de nuestras exportaciones.","Chile equitativo, moderno y competitivo que entra al siglo XXI","La visión aspiracional es un Chile donde el crecimiento económico se traduce directamente en calidad de vida para todas las familias, con justicia reformada, educación de alta calidad universal, infraestructura de primer mundo y erradicación definitiva de la pobreza. Es un país que entra al nuevo siglo como líder latinoamericano.","Estamos llevando a cabo la mayor revolución del siglo en la justicia, en la educación, en la infraestructura. || Éste será el principal argumento del país para ingresar con fuerza y decisión al próximo siglo. || sentimos un sano orgullo de que, en esta materia, tengamos eficacia y sigamos trabajando para derrotar para siempre en nuestro país a esta lacra que es la pobreza.",balance,"El discurso se enmarca como un balance de una década democrática en su tramo final, que reconoce logros extraordinarios pero enfrenta una crisis coyuntural. El momento histórico no es ni de refundación ni de urgencia, sino de rendición de cuentas de una transformación ya realizada, con la crisis como paréntesis que no invalida la trayectoria.","Lo hago en el último año de mi período presidencial, cuando estamos cerca de cumplir una década de Gobiernos democráticos y próximos a concluir el siglo. || Mi personal convicción es que, a lo largo de mi Gobierno y de estos nueve años de democracia, hemos trabajado seria y responsablemente por el país y en beneficio de todos los chilenos. || Esta combinación de éxitos y dificultades, de certezas e incertidumbres, no es, por cierto, nueva en nuestra historia.","el rostro de Chile transformado, visible y medible"
discurso_2000,2000,lagos,Chile lanzándose al nuevo siglo desde la crisis superada,"El sujeto central no es el presidente ni un grupo social específico, sino Chile como nación en tránsito: un país que emerge de la crisis económica y del trauma político para protagonizar su propio salto al desarrollo global. Lagos habla en nombre de ese Chile colectivo que él convoca e interpela permanentemente.","Quiero invitar a todos mis compatriotas a ser protagonistas de esta época de esta nueva época, a recuperar los grandes sueños que imaginaron para Chile los Padres de la Patria. || El país se levanta después de una dura crisis. Nuestros miedos comienzan a quedar en el pasado. || El 2010, Chile será un país grande de gente libre como lo soñaron los Padres de la Patria.","la división del pasado, el conservadurismo y el rezago tecnológico","El discurso construye un antagonista plural: la confrontación fratricida del siglo XX que quebró la comunidad nacional, el conservadurismo que resiste el cambio, y la brecha digital que amenaza con crear nuevos excluidos. Estos tres obstáculos se fusionan en una sola imagen de Chile que puede quedarse atrás.","La desunión llevó a grados extremos el antagonismo y la desconfianza entre los chilenos. Se produjo entonces la mayor tragedia política del siglo 20. || Hay que derrotar ese conservadurismo que tantas veces anida entre nosotros, haciéndonos resistir o desconfiar de lo nuevo. || Si ahora Chile no emprende, ahora y no mañana, una nueva ola de reformas que lo pongan a la altura de los cambios que mueven al mundo actual, corre el riesgo, como sociedad, de quedarse atrás.","Chile desarrollado, integrado y libre en el Bicentenario de 2010","La visión aspiracional se ancla en una fecha precisa: el Bicentenario de 2010. Lagos promete un Chile que habrá cerrado sus heridas históricas, eliminado la pobreza extrema, incorporado a todos sus ciudadanos a la revolución tecnológica y alcanzado el desarrollo pleno. Es un sueño de integración total: social, territorial, cultural y digital.",LLEVAR A CHILE AL MÁXIMO DE SUS POSIBILIDADES PARA TENER EN EL 2010 UN PAÍS PLENAMENTE DESARROLLADO E INTEGRADO. || Sueño con una educación igualmente buena en una escuela municipal muy modesta allá en el sur o en el mejor colegio privado del barrio alto de Santiago. || No es posible que vivamos algunos en la vanguardia del siglo 21 mientras otros compatriotas apenas tienen para comer. Tenemos que sacarnos esa enorme deuda de encima.,modernización,El momento histórico se enmarca como un umbral civilizatorio comparable al invento de la imprenta: Chile no solo reforma su institucionalidad sino que debe subirse a una revolución tecnológica y económica planetaria. El gobierno de Lagos se presenta como el agente que conduce esa modernización acelerada antes de que la ventana histórica se cierre.,Es que esta nueva época es sólo equivalente en la historia de la humanidad a los 100 ó 200 años posteriores a cuando Gutenberg descubre la imprenta y permite el avance de los libros para todos. || EL NUESTRO SERÁ EL GOBIERNO DE LAS REFORMAS para llevar a Chile a ser un país desarrollado el 2010. || Estamos en el umbral de una época distinta y diferente ¡cómo nos vamos a beneficiar de estas nuevas tecnologías.,el amanecer de un nuevo siglo que Chile no debe perder
discurso_2001,2001,lagos,Chile unido enfrentando adversidad global con esfuerzo compartido,"El sujeto central no es el gobierno ni un sector social particular, sino Chile como comunidad nacional convocada a la acción colectiva frente a dificultades económicas externas. El presidente se presenta como portavoz y conductor de ese esfuerzo común.","Mirados desde el mundo, mirados desde la historia, somos chilenos, simplemente chilenos. No somos ni unos ni otros, somos inevitablemente una misma familia enfrentada a los desafíos de un mundo global. || Invito a mis compatriotas, más allá de cualquier diferencia política, a dejar solos a los profetas del pesimismo. Los invito a pensar en positivo y a tener una mirada equilibrada. || No es una utopía; es una meta posible, que depende de nosotros, de nuestro esfuerzo y capacidad de cooperación.","el pesimismo, la desocupación y la crisis económica global","El principal adversario es doble: externo, encarnado en la turbulencia económica mundial que frustró el crecimiento y el empleo; e interno, representado por quienes siembran desconfianza y aprovechan las dificultades para el rédito político.","Nunca faltan quienes tratan de aprovecharse de esta situación para sembrar el negativismo y obtener fugaces ventajas políticas. || Pero no vencerán los que quieren sumirnos en la depresión y el desánimo. || El mundo vive un cambio estructural de enormes proporciones que frustró las proyecciones de crecimiento en todos los continentes. Con esto, el empleo no creció como esperábamos.","Chile desarrollado, justo y maduro para el Bicentenario de 2010","La visión aspiracional se ancla en una fecha precisa: el Bicentenario de 2010. Se promete un país que ha cumplido el sueño republicano fundacional, con acceso universal a oportunidades, integrado al mundo globalizado y reconciliado con su historia.","El año 2010, para el bicentenario de nuestra Independencia, tendremos un país desarrollado, socialmente justo y culturalmente maduro. || El Chile que soñaron los grandes fundadores de la nación -esa república democrática, libre, unida, laboriosa, desarrollada, culta- está en camino de cumplirse. || Allí estaba la semilla de lo que queremos forjar como nación. La 'entrada a las luces' para cada uno de sus hijos, independiente de su calidad, fortuna, sexo o edad.",modernización,El discurso enmarca el momento histórico como una carrera de modernización en un mundo que se transforma aceleradamente. Chile debe insertarse con decisión en el nuevo orden global o quedar excluido; el gobierno presenta sus reformas como los instrumentos de esa puesta al día.,"Estamos construyendo el Chile global. Nadie puede quedarse fuera. || Todo lo que hemos delineado forma parte de la estrategia nacional para competir en el mundo. || Esta es una tendencia global que afecta a todos los rincones del mundo, y a la cual Chile debe incorporarse con decisión para no quedar excluido del nuevo mundo digital.",Chile en camino hacia la luz del Bicentenario
discurso_2002,2002,lagos,"Chile productivo, confiable y humano integrándose al mundo","El sujeto central no es el gobierno ni un grupo social, sino Chile como nación-proyecto que demuestra madurez ante la comunidad internacional. Lagos se presenta como conductor de un país que ya es reconocido globalmente y que ahora debe extender ese éxito a los más postergados.","Chile entra con dignidad con la puerta ancha al mundo del desarrollo. || en el mundo nos ven como un país más productivo, más confiable, más humano. || los logros no son los logros de un gobierno, son los logros de todo los chilenos que se hacen paso a paso, día a día por el esfuerzo de los 15 millones","la miseria interna y el Chile menos productivo, menos humano del pasado","El antagonista es doble: hacia afuera, el Chile cuestionado internacionalmente de épocas anteriores (alusión implícita al régimen militar); hacia adentro, la indigencia y la pobreza dura que el crecimiento solo no puede resolver.","Chile fue en otras épocas menos productivo, menos confiable, menos humano. No era entonces el socio que buscaban otras naciones, sino por el contrario, Chile era profundamente cuestionado por la comunidad internacional. || 850.000 chilenos y chilenas no pueden siquiera comer día a día lo que un ser humano necesita para! || Hay que protegerlo de las tentaciones populistas, de las presiones particulares que afectan el bien común, del pesimismo que nos quiere hacer perder el horizonte.","Chile libre de miseria, integrado al mundo con dignidad y justicia social para el Bicentenario","La visión aspiracional es un Chile desarrollado, socialmente justo y culturalmente maduro para el Bicentenario, donde nadie quede excluido del progreso. Lagos proyecta un país que exporta excelencia al mundo mientras erradica la indigencia en casa, cerrando la brecha entre el Chile exitoso y el Chile postergado.","Hoy 21 de mayo del 2002, podemos y debemos fijarnos un gran objetivo: ¡Chile libre de miseria. Nadie sometido a la indignidad, a la humillación de tener que recurrir a la caridad ajena para poder sobrevivir! || leguemos a las futuras generaciones un Chile más próspero, más justo, más humano, donde todos sientan que viven en un país donde tiene un espacio de dignidad para ellos. || tener un país desarrollado, socialmente justo y culturalmente maduro para el Bicentenario de la Independencia, que se conquista cada día.",modernización,"El momento se enmarca como la culminación de un largo proceso de modernización iniciado en la transición democrática, que ahora da un salto cualitativo al integrar a Chile al primer mundo. No es refundación ni ruptura, sino la maduración de un proyecto que acumula logros verificables y los proyecta hacia el Bicentenario.","los logros históricos que hemos conseguido, hace a apenas unos días, al entrar al mundo en desarrollo con la frente en alto, no son fruto de un momento, no son frutos de unos meses, no son frutos de un año, son el resultado de un largo camino recorrido por todos los chilenos a través de su historia. || La política imita a la naturaleza, que camina y llega a sus grandes fines con marcha lenta, pero imperturbable || Un Chile que en la Aurora del siglo XXI, fue capaz de hacer frente a los desafíos de su tiempo, de integrarse al mundo con éxito y de extender ese éxito a todos sus hijos",Chile abriendo puertas al mundo con dignidad
discurso_2003,2003,lagos,Chile emprendedor que progresa pese a la crisis y la corrupción,"El sujeto central no es el gobierno ni el presidente, sino un Chile colectivo que avanza materialmente —en vivienda, educación, infraestructura— mientras enfrenta escándalos y turbulencias. Lagos se presenta como conductor de ese Chile, pero el protagonismo narrativo recae en el país como comunidad en marcha hacia el desarrollo.","Hay un Chile profundo que progresa y se moderniza, que protege a sus hijos más vulnerables, que se gana el respeto entre las naciones del mundo. || Ese Chile nada ni nadie lo puede negar. || Hemos trabajado tanto y tan duro, en condiciones difíciles, ahora que vemos la luz al final del túnel, ahora es cuando la patria nos convoca a todos.","La corrupción, el negativismo y la cultura del dinero fácil","El antagonista es doble: por un lado, quienes aprovechan el dinero y el poder para enriquecerse ilícitamente o contaminar la política; por otro, quienes predican el pesimismo y distorsionan la imagen del país, impidiendo reconocer sus avances.","Hay quienes quieren instalar en Chile una cultura en la que todo está permitido para hacer dinero fácil y rápido. Hay quienes piensan que cualquier medio es legítimo para lograr sus fines. || Chile no merece caer prisionero de gente corrupta. De gente que haga uso de su poder para lograr un enriquecimiento ilícito. || Desgraciadamente, hay quienes se empecinan, día y noche, en predicar el negativismo. Nos muestran un país oscuro, pesimista; un país que no se condice con los esfuerzos que cada uno de nosotros... está realizando para salir adelante.","Chile desarrollado, humano y digno en su Bicentenario","La visión aspiracional es un Chile que llega al umbral del desarrollo en 2010 sin dejar a nadie atrás: con extrema pobreza erradicada, educación de doce años, salud garantizada, infraestructura moderna y reconocimiento internacional. El Bicentenario opera como horizonte temporal que da sentido épico a las reformas en curso.","Ése es el Chile que queremos expandir, una nación que camina con paso seguro hacia el desarrollo, con la mirada puesta en su Bicentenario. || Chile será más humano cuando podamos decir que no hay compatriotas nuestros que tengan que vivir en condiciones de miseria. || Chile tiene que ser no sólo nuestro país, tiene que ser nuestro orgullo. Y para que sea nuestro orgullo no hay que pensar en quién hace la tarea, sino que pongámonos cada uno a hacer la tarea que nos corresponde.",oportunidad,"Lagos enmarca la crisis de corrupción y los escándalos no como catástrofe sino como oportunidad para modernizar el Estado y depurar la política. El momento histórico —a treinta años del quiebre democrático y a siete del Bicentenario— se presenta como coyuntura que, si se aprovecha con unidad, acelerará el salto al desarrollo.","Cuando seis meses atrás un distinguido dirigente empresarial le planteó el tema al Presidente de la República, estoy cierto que él no pensó que en tan corto plazo la crisis, los chilenos y este Parlamento, la iban a convertir en oportunidad para legislar con la rapidez que se hizo. || Cada vez que Chile se ha visto enfrentado a pruebas difíciles, su gente ha sabido siempre ponerse a la altura. Esta es una de esas ocasiones. || Las reformas en marcha no tienen precedentes en nuestra historia reciente. Con ellas estamos dejando atrás problemas del pasado.",la luz al final del túnel que justifica mantener el rumbo
discurso_2004,2004,lagos,Chile emprendedor que supera la adversidad económica mundial,"El sujeto central es un Chile colectivo y activo —encarnado en sus trabajadores, agricultores, microempresarios y ciudadanos— que ha resistido la crisis económica global y emerge fortalecido hacia el desarrollo. El Presidente habla en primera persona plural, diluyendo su figura en la acción del pueblo.","Son las chilenas y los chilenos los protagonistas de este país que funciona, ¡y que funciona bien! || Todo esto lo conseguimos gracias a que trabajamos tenazmente, con responsabilidad; gracias a que el Congreso ha sabido estar a la altura; pero por sobre todas las cosas, yo diría, llegamos gracias a la madurez y sabiduría del pueblo de Chile. || No sólo resistimos a pie firme la tempestad, sino que en medio de ella fuimos también capaces de crecer.",La crisis económica global y las inequidades heredadas,"El adversario no es un actor político interno sino la turbulencia económica mundial, la pobreza extrema y las instituciones democráticas incompletas que frenan el pleno desarrollo. El discurso también tensiona contra el populismo y la demagogia como tentaciones peligrosas.","Los tiempos difíciles, producto de la crisis económica mundial, parecen estar llegando a su fin. || No fuimos populistas ayer, tampoco lo seremos ahora. No vamos a aumentar de una manera irresponsable el gasto público. || Chile, desde hace décadas, tiene una distribución entre las más desiguales del continente. Ciertamente, ello no nos gusta a ninguno de nosotros los que estamos en esta sala.","Chile desarrollado, cohesionado y sin indigencia para el Bicentenario","La visión aspiracional es un Chile que alcanza el umbral del desarrollo en 2010, articulando crecimiento económico con justicia social: una sociedad sin nadie bajo una línea de civilización, integrada al mundo, tecnológicamente avanzada y democráticamente plena. La fecha del Bicentenario opera como horizonte épico concreto.","He señalado desde el primer día de mi Gobierno, que no persigo sueños irreales sino una utopía posible: que Chile alcance el umbral del desarrollo para su bicentenario. || Si tuviéramos que señalar de manera gráfica cuál es la prueba definitiva del desarrollo que queremos, no tendría dudas en decir que se trata de una sociedad más igualitaria, más cohesionada, más democrática, más proba, más tolerante y más libre. Una sociedad donde exista una línea de civilización bajo la cual no viva ningún chileno ni chilena. || Nunca estuvimos tan cerca de derrotar la indigencia, de reducir sustancialmente la pobreza. No podemos fallar en el cumplimiento de esta meta.",modernización,El momento se enmarca como una fase de consolidación y aceleración modernizadora: Chile ha superado la prueba de la crisis y ahora debe capitalizar su posición para dar el gran salto al desarrollo. El Bicentenario funciona como fecha límite que transforma la gestión ordinaria en tarea histórica generacional.,"Estamos sólo a seis años del Bicentenario del 2010. ¡Qué camino enorme hemos recorrido! || Chile ha conquistado la más expectable posición económica de su historia. Nuestra tarea es asegurar que ese impulso no se frustre. || Si mantenemos firme las orientaciones que traemos, estoy seguro que daremos el gran salto al desarrollo.",el timón firme navegando hacia el umbral del desarrollo
discurso_2005,2005,lagos,Chile maduro que entra al siglo XXI transformado,"El sujeto central no es el gobierno ni el presidente, sino un Chile colectivo que ha completado una metamorfosis histórica. La nación entera —sus quince millones de habitantes— aparece como agente consciente de su propio progreso.","Somos hoy, los quince millones de chilenos y chilenas, protagonistas de un cambio de época. || un pueblo más sabio, un pueblo más maduro, un pueblo que aprendió a creer en sí mismo. || Chile ya es hoy, por fin, de nuevo, país de libres. Nunca más país de opresión.","el desarrollo frustrado, la desigualdad y el pasado autoritario","El relato combate en dos frentes simultáneos: el subdesarrollo económico-social que postergó a los más pobres, y el legado autoritario que truncó libertades. Ambos encarnan el Chile que se intenta dejar atrás.","Chile, en este siglo XXI, ya no es ni será un caso de desarrollo frustrado, como lo señalara Aníbal Pinto. || La diferencia de ingresos entre el 20 por ciento más rico y el 20 por ciento más pobre es del orden de catorce veces. || Hay quienes han repetido durante años que el crecimiento de la economía produce automáticamente la justicia social. ¡Cuánto se equivocan en estar esperando todos el así denominado chorreo!","Chile desarrollado, igualitario y libre hacia el Bicentenario","La visión aspiracional es un país donde el crecimiento y la justicia social avanzan simultáneamente, donde las libertades son plenas, la memoria está saldada y todos los ciudadanos —independientemente de su cuna— acceden a los mismos bienes públicos. El Bicentenario funciona como horizonte simbólico de llegada.","debemos proponernos como país, como Chile que se quiere a sí mismo, que hacia el Bicentenario todos nuestros compatriotas de la tercera edad puedan tener una pensión digna. || Así estaremos construyendo un Chile donde haya, de verdad, igualdad de oportunidades para todos los chilenos y chilenas en el ámbito educacional. || Estamos construyendo un modelo de desarrollo basado en la democracia, en la libertad, en la inclusión progresiva de todos a los beneficios del crecimiento y en el respeto irrestricto a los derechos humanos.",modernización,"El discurso se enmarca como la consumación de un proceso modernizador integral —económico, social, político y cultural— que cierra el ciclo de la transición y sitúa a Chile en paridad con el mundo desarrollado. No es refundación ni ruptura, sino la culminación de una trayectoria acumulativa de quince años de gobiernos democráticos.",Todo este enorme esfuerzo modernizador es sinónimo de progreso. Por todo Chile están plasmados y se ven quince años de modernización acelerada. || Esa mirada tiene un hilo sólido de continuidad con lo efectuado por los gobiernos democráticos que precedieron mi mandato. || Las reformas que ponen a nuestra Constitución a la altura de las exigencias democráticas básicas ya fueron aprobadas por el Senado y prácticamente por la Cámara de Diputados.,"árbol que retoña rama por rama, hoja por hoja"
discurso_2006,2006,bachelet,los excluidos que el desarrollo chileno dejó atrás,"El relato sitúa en el centro a quienes han sido marginados del desarrollo: mujeres, pobres, jóvenes sin oportunidades, pueblos originarios. La presidenta habla como representante encarnada de esa exclusión superada.","Estoy aquí como mujer, representando la derrota a la exclusión de que fuimos objeto tanto tiempo. || Hoy es la hora de incluir en nuestro desarrollo a aquellos ciudadanos y ciudadanas que sufren otro tipo de exclusiones. A eso nos dedicaremos. || No quiero un Chile de compartimentos estancos, sin movilidad social. Quiero un país que premie el esfuerzo y el mérito.",la exclusión estructural que divide y empobrece Chile,"El adversario no es una fuerza política sino una condición social acumulada: barreras de género, segregación territorial, pobreza y desigualdad de oportunidades que el propio desarrollo ha producido o ignorado.","Chile será un país más desarrollado, justo y democrático cuando dejen de existir las poderosas barreras para la integración de las mujeres al trabajo, la cultura, la economía y la vida pública. || El Informe de Competitividad del Foro Económico Mundial sitúa muy bien a Chile en varias categorías. Pero en las tres categorías que evalúa el mercado laboral femenino, Chile aparece en el puesto 96 entre 104 naciones. || Se han mantenido barreras de siglos en nuestras instituciones, costumbres y mentes.","un Chile inclusivo, moderno y acogedor para todos al Bicentenario","La visión aspiracional se ancla en el año 2010 como horizonte concreto: un país que garantiza derechos a todos sus ciudadanos, premia el mérito sin importar el origen, y donde el Estado sirve a las personas en vez de ignorarlas. El niño Rodrigo de Conchalí encarna ese Chile prometido.","Un Chile de todos, más moderno y acogedor, más integrado y más integrador, más justo, más humano. || Tenemos el mandato histórico para hacerlo. Tenemos el compromiso de llegar al 2010 con un país más moderno, integrado y desarrollado. || No es la gente la que debe estar al servicio del Estado. Es el Estado el que debe estar al servicio de la gente.",modernización,"El momento se enmarca como una oportunidad histórica irrepetible: el auge económico, el primer gobierno paritario y las reformas pendientes confluyen para completar una modernización que la transición inició pero no terminó. La llegada de una mujer presidenta es la señal de que un nuevo tiempo ha comenzado.","Es señal de un nuevo tiempo que se asoma en Chile, estimados conciudadanos del Senado y de la Cámara. || Cosechamos hoy una larga siembra. || Cuando cumplamos 200 años como nación independiente, el año 2010, estas cuatro transformaciones habrán sentado las bases de la sociedad moderna e inclusiva que queremos seguir construyendo.",un Chile que cosecha lo sembrado y abre puertas cerradas
discurso_2007,2007,bachelet,ciudadanos que merecen derechos sociales garantizados por el Estado,"El centro narrativo lo ocupan los chilenos y chilenas comunes, especialmente los más vulnerables, concebidos como sujetos de derechos que el Estado debe garantizar activamente. La presidenta habla en nombre de ellos y para ellos.","Estamos viviendo un gran cambio social. Los chilenos hoy quieren tener, y merecen tener, más oportunidades. || Al establecer derechos sociales para las personas, y sobre todo, no sólo establecerlos, sino lo más importante, garantizarlos efectivamente, lo que estamos haciendo es una definición del tipo de país en que queremos vivir. || No quiero que miles de chilenas y chilenos tengan que seguir levantándose tan temprano para poder llegar a sus trabajos o a sus centros de estudio.",las falencias del Estado y la irresponsabilidad privada que frenan el progreso,"El adversario no es una élite política sino la debilidad institucional del Estado y el incumplimiento de actores privados, encarnados paradigmáticamente en el fracaso del Transantiago. A esto se suma el pesimismo que distorsiona los logros del país.","exigido el Estado más allá de las tareas de rutina, mostró sus falencias. Requerida, a su vez, la empresa privada para hacerse cargo de tareas de envergadura, mostró sus limitaciones. || No dejemos que el velo del pesimismo presente un país irreal. || Hubo un masivo incumplimiento de parte de actores que debían garantizar la operación del sistema.",Chile con derechos sociales garantizados que elimina la desigualdad de cuna,"La visión aspiracional es una sociedad moderna donde cada ciudadano accede por derecho a educación de calidad, salud, pensiones dignas y vivienda, sin importar su origen. Es un Chile que compite globalmente sin abandonar a sus más vulnerables.","consolidar las bases de un sistema de protección social, será la marca histórica de mi gobierno. || con esa reforma, lo que le estaremos diciendo al mundo, es que hay un país que decidió acabar con la pobreza del adulto mayor. || Dar una mejor educación debe ser nuestra gran apuesta de futuro como país. Es el desafío de toda nación moderna, que aspira a integrarse a la sociedad globalizada del conocimiento.",modernización,"El momento se enmarca como una etapa avanzada de modernización democrática: Chile ya creció, ya avanzó desde 1990, y ahora debe dar el salto cualitativo hacia derechos garantizados y competitividad global. El discurso reconoce errores pero insiste en que el rumbo es correcto y el progreso, innegable.","Chile es hoy mucho más que en 1990. Nuestra economía ha crecido a tasas extraordinarias. || Chile fue recientemente invitado a integrarse a la Organización para la Cooperación y el Desarrollo Económico, que reúne a los países más avanzados del mundo. Somos el primer país sudamericano en integrarse a este selecto grupo. || Algunos de los retos que hemos debido enfrentar, son desafíos propios de los países que avanzan y de democracias que maduran.",enmendar el rumbo y avanzar hacia adelante
discurso_2008,2008,bachelet,Chile unido construyendo acuerdos rumbo al Bicentenario,"El sujeto central no es el gobierno ni la presidenta en solitario, sino un Chile que avanza colectivamente mediante consensos. La narrativa construye un 'nosotros' nacional que supera adversidades y se proyecta hacia los 200 años de vida republicana.","Chile ha sabido actuar unido frente a la adversidad. || Si los acuerdos han construido Chile, entonces Chile debe seguir construyendo acuerdos. || Es ése el Chile de todos, el Chile que todos queremos y, lo más importante, por el cual todos estamos dispuestos a trabajar.","La desunión, la crisis internacional y la desigualdad heredada","El relato identifica tres fuerzas que frenan el avance: la confrontación política interna, las turbulencias de la economía global y la desigualdad estructural que el solo mercado no corrige. No hay un antagonista de clase o un adversario político nombrado, sino amenazas sistémicas.","Encontramos el acuerdo como motor de los avances y la desunión como escenario de los retrocesos. || La economía mundial atraviesa uno de los períodos más críticos en muchos años. || La conclusión unánime de ese grupo tan diverso fue que es absolutamente imprescindible la acción del Estado para superar la pobreza y la desigualdad, para corregir aquellas injusticias y brindar aquellas oportunidades que el solo mercado no proveerá.","Un Chile próspero, equitativo y protegido que llega unido al Bicentenario","La visión aspiracional es un país que sintetiza crecimiento con justicia social, donde el Estado garantiza derechos desde la cuna hasta la vejez y donde el desarrollo tecnológico e innovador abre oportunidades para todos. El Bicentenario funciona como horizonte simbólico de llegada.","El 10 de marzo de 2010, en plena celebración de nuestro Bicentenario, Chile será un mejor país para todos sus ciudadanos. || No me he cansado de repetirlo: Queremos crecer para incluir e incluir para crecer. || Con la Reforma Previsional acabaremos con la indigencia y la pobreza en la tercera edad.",modernización,"El momento se enmarca como una etapa de consolidación y profundización de transformaciones ya iniciadas, no como ruptura ni refundación. La presidenta presenta un balance de mitad de gobierno que confirma el rumbo y anuncia la aceleración de reformas estructurales en educación, energía, protección social e innovación.","Definí mi gobierno como un período que sentaría las bases para una nueva etapa. || Sin complacencia puedo decir que, a mitad de gobierno, hemos avanzado más de la mitad de la tarea. || Chile está entrando en una nueva etapa en materia de derechos de las personas. Una nueva manera de entender la acción del Estado, gracias a las reformas que hemos ido implementando en los últimos años.",cimientos que sostienen el Chile del Bicentenario
discurso_2009,2009,bachelet,el pueblo chileno forjado en la adversidad y protegido por el Estado,"El sujeto central es un colectivo nacional históricamente templado por crisis y desastres, que ahora recibe la protección activa del Estado como derecho ciudadano. Las familias vulnerables, los trabajadores y la clase media ocupan el centro narrativo.","Somos gente de esfuerzo, gente que se ha formado en la adversidad. || la única noción de patria, sea esta urgencia de decir nosotros... La patria es para todos, incluye a todos y apoya a todos. || hemos puesto a la gente primero. Esta visión denota el cambio de paradigma del que hablábamos.",la crisis global y el paradigma individualista que la engendró,"El antagonista es doble: la crisis económica internacional más grave en sesenta años, y el modelo ideológico que la produjo, basado en la codicia, la especulación y el mercado sin regulación ni solidaridad.",Es la crisis de la codicia y la especulación como valores rectores del sistema. || Un enfoque que hizo del egoísmo su virtud central y de la pasividad su modelo de política pública. || La crisis desnuda la insuficiencia de un paradigma económico.,Chile bicentenario con protección social plena y desarrollo inclusivo,"La visión aspiracional es un Chile que emerge fortalecido de la crisis, sustentado en una red integral de derechos sociales garantizados desde la cuna hasta la vejez, con una economía productiva, verde e innovadora que reduce desigualdades.","ningún invierno, por crudo que sea, podrá impedir la primavera del Chile del Bicentenario. || El Chile del Bicentenario cuenta con una red integral de políticas, servicios y programas que hacen efectivos los derechos sociales que reconocemos a los ciudadanos. || trabajar para que el país salga fortalecido de este momento de adversidad, construyendo las bases de un modelo de desarrollo más dinámico, inclusivo y sustentable.",oportunidad,"El momento histórico se enmarca como una oportunidad que la adversidad abre: la crisis global confirma la validez del camino chileno y permite acelerar las transformaciones sociales ya iniciadas, saliendo más fuertes y con mejor institucionalidad.","Una vez más, la historia nos exige aquel temple que nos caracteriza como nación. || cuando amaine el vendaval económico, los países con mejores cimientos, aquellos países más productivos serán quienes van a liderar la recuperación. Y Chile será uno de esos países. || No podemos permitir que lo que estamos construyendo, aquel camino de progreso y justicia social, quede inconcluso.",el invierno de la crisis que no impedirá la primavera
discurso_2010,2010,pinera,la nación golpeada que se levanta hacia el desarrollo,"El sujeto central es un pueblo que, herido por la catástrofe del 27-F, encarna la energía y el carácter necesarios para convertir la tragedia en trampolín hacia el desarrollo. La nación no es víctima pasiva sino protagonista activa de su propia reconstrucción y transformación.","hemos visto a nuestro pueblo, literalmente, levantarse de las ruinas. || Un pueblo que, frente a la catástrofe del 27 de febrero, una vez más mostró su coraje y fortaleza. || Hoy debemos transformar esta tragedia en una oportunidad para construir, entre todos, un Chile mejor.","la pobreza, el estancamiento y la decade perdida","El discurso construye un doble antagonista: el lastre socioeconómico de doce años de 'vacas flacas' con bajo crecimiento y productividad negativa, y la pobreza estructural que perpetúa desigualdades de generación en generación. Ambos son fuerzas a vencer mediante voluntad y acción.","a partir del 98 las cosas cambiaron, y para mal. Ese año iniciamos un largo período de 12 años de vacas flacas. || nuestro sistema educacional -digámoslo con todas sus letras- no da una educación de calidad a todos los estudiantes, y en vez de corregir las desigualdades sociales, muchas veces las perpetúa, traspasándolas de generación en generación. || De mantenerse esta tendencia, la meta de alcanzar el desarrollo se postergaría hasta el 2030.","Chile desarrollado, sin pobreza, con oportunidades para todos","La visión aspiracional es un país de clase desarrollada antes de que termine la década, donde el éxito depende del mérito y el esfuerzo individual, y donde cada ciudadano accede a educación de calidad, salud digna, seguridad y trabajo. Es un Chile que transita de la desigualdad estructural a la sociedad de oportunidades.","antes que esta década concluya, Chile habrá alcanzado el desarrollo y superado la pobreza. || Sólo así transitaremos del país de las desigualdades, al Chile de las oportunidades. || Un país más libre, en que todos podamos desarrollarnos en plenitud. Un Chile en que el éxito dependa, fundamentalmente, del mérito y el esfuerzo.",reconstrucción,"El momento histórico se enmarca como una reconstrucción en doble sentido: material, sobre los escombros del terremoto, y nacional, sobre una década perdida de bajo crecimiento. El Bicentenario opera como punto de inflexión donde la adversidad se convierte en oportunidad fundacional para forjar el 'tercer siglo' del país.","Chile vive hoy tiempos históricos, dramáticos y de grandes oportunidades. || Hoy debemos aprovechar el terremoto como una oportunidad. Una oportunidad para construir el Chile del futuro; el Chile de las oportunidades. || Llegó el momento de recuperar el tiempo perdido y poner a Chile nuevamente en la senda del progreso sólido, sostenido y sustentable.",el ascenso a la cima: camino arduo hacia el desarrollo
discurso_2011,2011,pinera,la generación del Bicentenario que vence el subdesarrollo,El sujeto central es una generación histórica convocada a cumplir la misión que sus padres y abuelos no pudieron: llevar a Chile al desarrollo antes de que termine la década. El Gobierno actúa como conductor de ese esfuerzo colectivo.,"hacer de nuestra patria, antes que termine esta década, un país desarrollado y sin pobreza. Este fue el sueño que nuestros padres y abuelos siempre acariciaron, pero nunca lograron. Y esta es la misión y deber de nuestra generación, la generación del Bicentenario. || de las ruinas se levantó una nación noble y solidaria, que supo enfrentar la adversidad con un coraje y una unidad, que han sido destacados y admirados en el mundo entero. || Los chilenos ya estamos sintiendo cómo el cambio está llegando a nuestras vidas.","la pobreza, el delito y el subdesarrollo heredados","El relato construye múltiples adversarios concretos: la pobreza extrema que persiste, la delincuencia y el narcotráfico que oprimen a las familias, y un Estado diseñado en el siglo XIX que no responde al siglo XXI. Todos representan rezagos que frenan el ascenso nacional.","un país que ha progresado tanto y que tiene hoy el ingreso per cápita más alto de América Latina, no puede seguir tolerando que medio millón de compatriotas viva en la pobreza extrema y 2,6 millones en situación de pobreza, incluido uno cada cuatro niños. || La delincuencia y el narcotráfico son enemigos poderosos y despiadados, y los debemos combatir siempre con decisión y todo el rigor de la ley. || el mejor de ellos puede entregar todo su aporte si trabaja en un Estado que fue diseñado en el siglo XIX, parchado en el siglo XX y no responde a las necesidades y desafíos del siglo XXI.","Chile desarrollado, sin pobreza y con seguridades para todos","La visión aspiracional es una sociedad de seguridades, oportunidades y valores donde cada chileno pueda realizarse, la pobreza extrema sea historia y el país ocupe un lugar de liderazgo en América Latina y el mundo. El desarrollo no es solo económico sino moral y familiar.","Los convoqué a que juntos construyéramos una sociedad de seguridades, oportunidades y valores para todos. || Si tuviera que escoger un sólo legado por el cual quisiera que recuerden al Gobierno de la Coalición por el Cambio, sería por haber logrado derrotar la pobreza extrema y sentado las bases para que Chile deje atrás el subdesarrollo y termine con la pobreza y las desigualdades excesivas. || estamos trabajando para que, antes que termine esta década, los campamentos en Chile sean historia antigua.",recuperación,"El momento histórico se enmarca como una recuperación en múltiples dimensiones simultáneas: recuperación física tras el terremoto, recuperación del crecimiento económico perdido, recuperación de la seguridad ciudadana y recuperación de una capacidad nacional que estaba siendo desperdiciada. El año 2010 se narra como prueba superada que demuestra que la nación puede recuperarse de cualquier adversidad.","Chile recuperó su capacidad de crecimiento y liderazgo y avanzó en múltiples frentes, lo cual debe hacernos sentir a todos muy orgullosos. || Recuperar la capacidad de crecimiento es el principal instrumento para crear oportunidades y derrotar la pobreza. || lo que comenzó como una tragedia, terminó como un testimonio, para Chile y el mundo entero, de la fuerza de la fe, el compromiso y la convicción.",levantarse de las ruinas para construir sobre roca
discurso_2012,2012,pinera,el ciudadano de clase media y vulnerable que avanza,El relato sitúa en el centro a las familias chilenas comunes —especialmente las más vulnerables y de clase media— como destinatarias y co-protagonistas del proyecto de desarrollo. El gobierno aparece como ejecutor al servicio de ese sujeto colectivo.,"Construir el Chile de las oportunidades, seguridades y valores para todos sus hijos es la gran aspiración del Chile de hoy. || Mientras subsista un solo niño sin educación de calidad, el es nuestro niño y su carencia es nuestra obligación. || Una mano amiga y solidaria le ayudará a levantarse y volver a caminar.","la pobreza, la delincuencia y el rezago heredado del pasado","El discurso construye múltiples antagonistas: la pobreza extrema como injusticia moral, la delincuencia y el narcotráfico como amenaza cotidiana, y las malas decisiones del pasado en energía, transporte y educación como herencia a corregir.","Hoy, en pleno siglo XXI, 640 mil compatriotas siguen viviendo, o más bien sobreviviendo, en la pobreza extrema. || Por errores de planificación en el pasado, trabas a la aprobación y ejecución de inversiones y alzas en el precio internacional del petróleo, el costo de la energías se ha triplicado en los últimos diez años. || La puesta en marcha del Transantiago el año 2007, fue mal planificada y mal implementada y significó un verdadero atentado a la dignidad y calidad de vida de millones de santiaguinos.",Chile desarrollado y sin pobreza: sociedad de oportunidades y seguridades,"La visión aspiracional es un Chile que combina crecimiento económico con justicia social: un país donde el mérito personal no esté limitado por el origen, donde el Estado garantice seguridades básicas y donde la próxima generación viva sin pobreza.","Hacer de Chile un país desarrollado y sin pobreza, y construir una sociedad de oportunidades, seguridades y valores. || ¿Y en qué consiste el Chile de las oportunidades? Consiste en que todos los chilenos, cualquiera sea su origen o condición, pueda desarrollar en plenitud los talentos que Dios nos dio y volar tan alto y llegar tan lejos como su propio mérito y esfuerzo lo permitan. || Solo si estudian hoy con esfuerzo, Chile será un país desarrollado. Y solo si miran al futuro con esperanza, Chile será un país más alegre y feliz.",modernización,"El momento histórico se enmarca como el punto de inflexión en que Chile cumple compromisos y acelera su marcha hacia el desarrollo, superando tanto la devastación del terremoto como el estancamiento de décadas anteriores. El tono es el de una gestión que entrega resultados medibles.","Hemos recuperado y duplicado nuestra capacidad de crecimiento, superando en promedio el seis por ciento anual. || Este nuevo liderazgo y dinamismo nos acerca a nuestra misión, para que el próximo Presidente, pueda decir desde esta misma tribuna, que Chile cumplió su misión de ser un país desarrollado y sin pobreza. || Hoy es tiempo de balances y de que hablen los hechos con toda su fuerza y elocuencia.",Chile cumple y avanza piedra por piedra hacia el desarrollo
discurso_2013,2013,pinera,Chile en marcha firme hacia el desarrollo prometido,"El sujeto central no es el gobierno ni el pueblo en abstracto, sino Chile como proyecto colectivo en tránsito verificable hacia el desarrollo. El presidente habla en nombre de una nación que ya lleva el marcador y puede mostrar resultados.","Chile es hoy un mejor país para nacer, para estudiar, para trabajar, para emprender, para formar una familia, para envejecer, en fin, para vivir, que el que era hace sólo tres años. || hemos sembrado con esfuerzo hoy podemos cosechar con responsabilidad. || los invité a hacer de Chile, antes que termine esta década, un país desarrollado y sin pobreza.",el subdesarrollo histórico y las adversidades estructurales acumuladas,"El enemigo a vencer es el subdesarrollo como condena histórica, reforzado por la crisis global, la catástrofe del 27/F, la delincuencia y las desigualdades heredadas. No es una élite política sino una condición sistémica que el discurso declara superable.","en nuestros primeros 203 años de vida independiente, a pesar de haberlo buscado, no hemos sido capaces de lograrlo. || No estamos condenados al subdesarrollo ni por designio divino, ni por las fuerzas de la naturaleza, ni por circunstancias históricas. || Cuando asumimos la economía estaba perdiendo su capacidad de crecer, crear empleos e incrementar los salarios. La pobreza y las desigualdades estaban aumentando.","una sociedad desarrollada de oportunidades, seguridades y valores para todos","El Chile prometido es un país que ha vencido la pobreza, garantiza igualdad de oportunidades desde la infancia, ofrece seguridades a los más vulnerables y se sustenta en valores espirituales. El desarrollo no es solo económico sino integral, material y moral a la vez.","Un país capaz de darles a todos sus hijos las oportunidades de desarrollo material y espiritual -que sus padres y abuelos siempre soñaron, pero que nunca alcanzaron- para que puedan llegar tan lejos como sus sueños, talentos y esfuerzos. || Un Chile capaz de garantizar a todos, pero especialmente a los más vulnerables, a los enfermos, a los ancianos, a los que sufren una discapacidad, las seguridades de una vida digna, por el solo hecho de nacer en esta tierra bendita por Dios. || No sacamos nada con llenar los bolsillos, si terminamos vaciando el alma.",modernización,"El momento histórico se enmarca como la generación que tiene al fin las herramientas, la voluntad y los resultados concretos para completar el tránsito al desarrollo que doscientos años de República no lograron. Es una épica de balance positivo y aceleración: el cambio no es ruptura sino culminación verificable.",es tiempo de balance: hoy corresponde que sean los hechos los que hablen con toda su fuerza y elocuencia. || El desarrollo se puede alcanzar en el frío polar de los países nórdicos o en el calor tropical de los tigres asiáticos. || nada debería atajar nuestro poderoso vuelo hacia el desarrollo.,sembrar con esfuerzo para cosechar con responsabilidad
discurso_2014,2014,bachelet,ciudadanía que exige derechos y reclama transformaciones profundas,"El centro narrativo del discurso es una sociedad civil activa y diversa —trabajadores, mujeres, jóvenes, clase media emergente— que ya no acepta la desigualdad y moviliza al gobierno hacia cambios estructurales. No es el Estado el héroe, sino la ciudadanía que presiona y legitima la acción gubernamental.","Vemos ciudadanos más activos y conscientes de sus derechos. A las y los trabajadores esforzándose día a día por acceder a mayores niveles de bienestar. || hoy la ciudadanía nos reclama que nos pongamos en acción y resolvamos los problemas, y que lo hagamos a través de cambios que nos permitan enfrentar los desafíos de este nuevo Chile. || Vemos una nueva clase emergente, que demanda más seguridad, que no quiere perder lo que ha obtenido con tanto esfuerzo.","la desigualdad estructural, el privilegio y el abuso no resueltos","El adversario no es una élite nombrada directamente, sino la persistencia de una desigualdad sistémica que el crecimiento económico no eliminó, expresada en privilegios, abusos y una institucionalidad heredada que perpetúa la inequidad.","debemos reconocer que no hemos logrado superar las grandes desigualdades que nos afectan, ni terminar con los privilegios y abusos en distintos ámbitos de nuestra vida y de la marcha del país. || tenemos una de las peores distribuciones del ingreso del mundo, y en Chile una porción importante de los trabajadores son asalariados, pero a pesar de eso, son pobres. || La actual Constitución, pese a todas sus reformas, aún arrastra una profunda desconfianza en la soberanía popular y en la capacidad de diálogo democrático de las personas.",Chile inclusivo donde el desarrollo llega a todos los hogares sin excepción,"La visión aspiracional es un país en que el crecimiento económico se convierte en bienestar cotidiano para cada familia, la educación deja de depender del dinero, y la desigualdad cede ante un nuevo pacto social financiado colectivamente. Se promete un Chile distinto no en 2014 sino en diez o veinte años.","invertir en educación también es avanzar en productividad, que es la base de un crecimiento económico sostenido. || una transformación de largo plazo que sabemos trascenderá largamente este período de Gobierno, pero que estoy segura que en 10 ó 20 años más, al ver sus frutos, estaremos orgullosos como país de haberla realizado. || Hoy podemos hacer de Chile un país de todos y todas.",modernización,"El momento se enmarca como un punto de inflexión en que Chile, habiendo construido bases sólidas desde 1990, debe ahora corregir los déficits de ese modelo mediante transformaciones estructurales que actualicen la democracia, la educación y el contrato social. No es refundación —se preserva lo logrado— sino modernización profunda e inclusiva.","Chile vive un nuevo ciclo social y político, y el país tiene la fuerza para enfrentar los lastres del desarrollo, principalmente la desigualdad, y construir las bases de un futuro de progreso. || así como antes fuimos capaces juntos de poner a Chile en la senda del crecimiento económico con democracia, hoy necesitamos hacer un nuevo esfuerzo para que el desarrollo y el crecimiento sean más armónicos e integrales. || En esta nueva etapa que se abre Chile no está partiendo desde cero. Los gobiernos democráticos desde el año 1990 a la fecha, fueron capaces de construir una economía sana, una democracia estable y un país maduro.",construir juntos el Chile que todos merecemos
discurso_2015,2015,bachelet,ciudadanos que demandan transformaciones en una democracia madura,"El sujeto central del relato son los chilenos y chilenas como demandantes activos de cambios históricos. No son receptores pasivos de políticas, sino la fuerza que legitima y exige las reformas.","Los chilenos y chilenas son exigentes, porque han trabajado duro y quieren un país a la altura de sus esfuerzos y méritos. || Las grandes transformaciones nacerán de los corazones y las voluntades de todos los ciudadanos, de cada chileno y chilena, de ustedes y de mí. || Las personas nos demandan más capacidades y derechos para poder llevar adelante sus sueños.","la desigualdad, la corrupción y la desconfianza heredadas","El adversario es múltiple: la desigualdad estructural, los abusos de élites políticas y económicas, y la erosión de confianza institucional. Se suma el pasado dictatorial como fuente de herencias ilegítimas.","la eliminación del sistema electoral binominal, que fue una larga y negativa herencia de la dictadura que, ¡por fin!, ha quedado atrás. || la sociedad dijo basta a los abusos, los privilegios y la corrupción en la política y los negocios, y afectó la confianza en sus líderes y representantes. || Todos entendemos que en nuestra mesa común no puede haber privilegiados ni marginados.","Chile justo, con derechos garantizados, crecimiento inclusivo y democracia renovada","La visión aspiracional es un país donde el mérito y el talento determinen el destino de las personas, no su origen social. Se promete una democracia limpia, una educación gratuita y de calidad, y un desarrollo económico que no deje a nadie atrás.","nos acercan a un Chile justo, donde el desarrollo personal y la realización de los sueños de cada niño o niña dependan únicamente de su talento y esfuerzo. || Chile, por primera vez en su historia, tiene la oportunidad de construir una Constitución genuinamente republicana y soberana, que sea política y socialmente acordada, que refleje el país que somos hoy, maduro y democrático. || El Chile con el que soñamos y por el cual estamos trabajando, se va modelando en la manera en que se hagan negocios y se trabaje, en la existencia de reglas claras para abrir oportunidades e imponer exigencias.",oportunidad,"El momento histórico se enmarca como una oportunidad transformadora que emerge precisamente de la crisis. Las dificultades del año —corrupción, desaceleración, desastres naturales— se reinterpretan como catalizadores de cambios más profundos y legítimos.","Chile está viviendo uno de los procesos transformadores más importantes de su historia. || Esta es nuestra oportunidad histórica. Más difícil tal vez de lo que pensábamos, pero más sincera, más profunda, más perdurable. || ante las crisis que hemos vivido, hoy disponemos de un fuerte consenso para avanzar.",llevar a buen puerto los cambios que la sociedad demanda
discurso_2016,2016,bachelet,ciudadanos exigiendo reformas que la desigualdad hizo urgentes,El sujeto central no es el gobierno sino la ciudadanía que demandó cambios estructurales. Bachelet se presenta como intérprete y ejecutora de esas demandas sociales acumuladas.,"Fueron los propios ciudadanos los que nos enrostraron durante largo tiempo las tensiones y obstáculos que se acumulaban. || Quieren que haya más crecimiento económico y que sus frutos se distribuyan mejor, sin privilegios. Quieren que se terminen los abusos y las malas prácticas de algunos empresarios. || Yo, como Presidenta, no lo he olvidado, y lo tengo presente cada día.","desigualdad, desconfianza y malas prácticas de élites políticas y económicas","El adversario es un sistema heredado de privilegios, mercados opacos, corrupción política y una desigualdad estructural que concentró oportunidades y erosionó la cohesión social.","Hemos sido un país muy desigual, con mucha discriminación, con prejuicios hacia las mujeres y poca tolerancia a la diferencia, donde la desconfianza se ha instalado como problema crítico. || nuestro sistema político no se adaptó a las mayores exigencias de los ciudadanos y permitió malas prácticas; la educación de calidad era sólo para los que podían pagarla. || La ciudadanía ha conocido hechos graves y no podemos minimizarlos con la excusa de que todos lo hacían.","Chile desarrollado, cohesionado e igualitario que todos se merecen","La visión aspiracional es un país donde el mérito reemplaza el privilegio, la educación es universal y gratuita, los mercados son transparentes y la política está al servicio del bien común. Un Chile que por fin aprovecha su oportunidad histórica de desarrollo.","Esta debe ser nuestra motivación como país, converger hacia una gran voluntad nacional para hacer real el futuro que nos merecemos. || Quieren que sean el mérito y los esfuerzos los que decidan las oportunidades y no el origen familiar o los pitutos. || Déjenme mostrarles que cuando Chile quiere cambiar para bien, lo hace.",modernización,"El momento se enmarca como una transformación estructural largamente postergada: no es refundación ni crisis, sino la puesta en marcha decidida de reformas que actualizan un país que creció sin corregir sus fallas de origen. La metáfora de la 'obra gruesa' define un punto de inflexión irreversible a mitad de mandato.","Con hechos reales, ya empieza a concluirse lo que podríamos llamar la 'obra gruesa' de nuestras reformas. || Se trata de una de las transformaciones más profundas en décadas al sistema educacional, comparable con la reforma de los años '20. || El país ha cambiado. Afortunadamente, el Chile de hoy no es el de 1980.",la obra gruesa: cimientos irreversibles para construir sobre ellos
discurso_2017,2017,bachelet,ciudadanía que exige transformaciones postergadas por décadas,El sujeto central es el pueblo chileno que soportó desigualdades históricas y cuya demanda de cambio estructural legitima y motoriza la acción del gobierno. Las personas concretas —con nombre y apellido— encarnan la transformación.,"Un Chile con un malestar profundo por tantas barreras invisibles que impedían el progreso de sus ciudadanos y que les ponían techos arbitrarios a su bienestar. || Son, en total, más de 257 mil jóvenes con nombre y apellido, con historias de esfuerzo y esperanza, para quienes estudiar implica hoy el desafío de aprender, no el de hipotecar su mañana. || Que en una sociedad que mantiene las inequidades y los privilegios, el trabajo duro y el sacrificio de las familias no rinde, y la dignidad no se reconoce.","la desigualdad estructural, el abuso y el modelo mercantil excluyente","El adversario no es un actor político específico sino un orden heredado: la lógica de mercado aplicada a derechos, la corrupción tolerada, los privilegios enquistados y un modelo económico de materias primas sin valor agregado que frenó el progreso de las mayorías.","Que si impera la pura lógica de mercado, temas vitales como la educación, la salud o la vivienda pasan a ser bienes de consumo, que crean divisiones entre quienes pueden y quienes no pueden pagarlos. || Ningún país en el mundo había alcanzado tal nivel de desarrollo manteniendo niveles tan altos de desigualdad. Y eso no era sostenible. || También estamos enfrentando otro retraso: el fortalecimiento y modernización de nuestra economía. Hace años vemos signos de agotamiento en un modelo de crecimiento limitado.",Chile de derechos universales donde cada persona vale igual,"La visión aspiracional es un país donde educación, salud, vivienda y seguridad son derechos garantizados y no mercancías, donde la equidad reemplaza al privilegio y donde el esfuerzo de cada familia efectivamente rinde. Es un horizonte de dignidad universal y desarrollo sostenible.",El horizonte es un Chile donde cada uno valga lo mismo que cualquier otro en esta nación. || Donde todas las familias tengan la certeza de que sus hijos podrán acceder a una educación de calidad desde que entren a la sala cuna hasta que terminen sus estudios superiores. || Nuestro anhelo sigue siendo avanzar hacia la gratuidad universal. Porque la gratuidad para todos es la expresión más clara de una educación entendida como derecho social y no como bien de consumo.,modernización,"El momento se enmarca como una ruptura con décadas de inmovilismo reformista: por fin se pasa 'de las palabras a la acción' para sentar bases equitativas y sostenibles. No es refundación total ni mera continuidad, sino la transformación estructural que 'no podía esperar más', ejecutada con coraje desde el Estado.","Era hora de ir de las palabras a la acción, aun sabiendo que cuatro años de Gobierno no bastan para revertir males históricos. Sabiendo que podíamos instalar nuevas bases para el desarrollo. || Hemos puesto en marcha una reforma estructural: impactando desde la sala cuna hasta la educación superior, cambiando el foco desde la discriminación al derecho, desde el lucro de unos pocos a la calidad de muchos. || Hemos mostrado que Chile puede y que el inmovilismo no tiene futuro.",sentar nuevas bases para construir el Chile que queremos
discurso_2018,2018,pinera,la generación del Bicentenario llamada a conquistar el desarrollo,El sujeto central es una generación histórica —la de Piñera y sus contemporáneos— investida con la misión de transformar Chile en país desarrollado. El pueblo chileno aparece como fuerza latente que el gobierno debe desatar y conducir.,"Llegó la hora de cumplir con nuestra gran misión, la misión de nuestra generación, la generación del Bicentenario. || Chile quiere, puede y será un país desarrollado. || contamos, además, con lo más importante: la fuerza, el compromiso y el temple de un pueblo que nunca claudica frente a la adversidad, ni muchos menos se resigna frente a la mediocridad.",el gobierno anterior que frenó el crecimiento y sembraron caos,"El adversario principal es el período gubernamental previo, representado como fuente de desorden económico, reformas destructivas y abandono de las urgencias sociales. También aparecen la delincuencia, el narcotráfico y la pobreza como fuerzas a vencer.","el impulso de reformas, como la Reforma Tributaria o Laboral, generó incertidumbre, debilitó los equilibrios macroeconómicos, frenó la innovación y el emprendimiento, redujo nuestra capacidad de crecer || Chile tuvo el peor desempeño económico en tres décadas, y vio amenazado aquel sólido liderazgo y dinamismo que había hecho de nuestro país un modelo para el resto de América Latina. || También nos enseñó del peligro de los intentos refundacionales, de la voluntad de partir de cero, de la lógica de la retroexcavadora","Chile desarrollado, sin pobreza, con clase media fuerte y oportunidades para todos","La visión aspiracional es un país que ha superado la trampa del ingreso medio para convertirse en nación desarrollada antes de que termine la próxima década. Es un Chile integral, inclusivo y sustentable donde cada persona puede realizar sus talentos y vivir con dignidad.","dar un gran salto adelante para transformar a Chile, la Colonia más pobre de España en América Latina -y antes que termine la próxima década- en un país desarrollado, sin pobreza, de clase media y con oportunidades para que todos podamos desarrollar los talentos que Dios nos dio || llegar a la ""Tierra Prometida"" de un país desarrollado, en paz, con democracia y con justicia. || hacer de Chile un gran país para nacer, para crecer, para educarnos, para desarrollarnos, para formar familia, tener hijos y también para envejecer.",recuperación,"El momento histórico se enmarca como una segunda transición: la primera recuperó la democracia; esta debe recuperar el crecimiento, la seguridad y el rumbo perdido durante el gobierno anterior. El discurso combina la imagen de retomar un camino extraviado con la de una misión generacional aún no cumplida.","estamos enmendando el rumbo, atendiendo las urgencias y, al mismo tiempo, fortaleciendo nuestra capacidad de alcanzar el desarrollo integral || En los últimos 30 años, Chile y nuestra generación, hemos debido enfrentar dos grandes desafíos, dos grandes transiciones. || éste es también el espíritu que hoy nos inspira y nos guía para enfrentar con éxito los desafíos de esta segunda transición, la que nos permitirá conquistar el desarrollo, derrotar la pobreza y promover una fuerte clase media.",el capitán que conoce su puerto y pone las velas
discurso_2019,2019,pinera,Chile en marcha hacia el desarrollo bajo una misión generacional,El sujeto central no es un grupo excluido sino una nación entera convocada a cumplir una 'misión histórica': conquistar el desarrollo en una década. El gobierno actúa como conductor de ese destino colectivo.,"Nos corresponde liderar una Nueva Transición, una transición que nos permitirá, antes de que termine la próxima década, conquistar el desarrollo, derrotar la pobreza y alcanzar ese desarrollo integral, inclusivo y sustentable || El alma de Chile está hecha de unidad, esfuerzo, solidaridad, perseverancia, sacrificio, temple, sobriedad y valentía. || Construir este país para todos es la misión que vine a proponer esta noche al Congreso y a todos mis compatriotas.","el estancamiento, el obstruccionismo y la desunión que frenan el progreso","El enemigo no es una clase social sino un conjunto de fuerzas que impiden el avance: la parálisis económica heredada, la oposición legislativa que traba reformas, la delincuencia y el narcotráfico, y la división política.","Recibimos un país que había perdido gran parte de su capacidad de crecimiento, creación de empleos y mejora de salarios. Un país en que la inversión y la productividad llevaban 4 años consecutivos cayendo || Es tiempo de dejar atrás el obstruccionismo. Es tiempo de construir acuerdos y colaborar para poner a Chile en Marcha. || cada vez que nos hemos dividido, hemos cosechado nuestras más amargas derrotas.","Chile desarrollado, integrado y digno antes de que termine la próxima década","La visión aspiracional es un país que ha conquistado el desarrollo integral antes de 2030, donde todas las familias —pobres, clase media y mayores— tienen seguridades, oportunidades y dignidad. Es un Chile que lidera América Latina y se proyecta al mundo.","Un buen país para nacer, crecer, educarnos y enamorarnos. Un buen país para trabajar, formar familia, tener hijos, nietos y envejecer || nunca antes un Chile con desarrollo integral, inclusivo y sustentable, había sido una meta alcanzable en un período de sólo una década. || desatar y no asfixiar las poderosas fuerzas de la libertad, la imaginación, la creatividad, la innovación y el emprendimiento que viven en el alma de todos los chilenos",modernización,"El discurso enmarca el momento como una 'Nueva Transición', análoga a la transición democrática de los 90, pero ahora hacia el desarrollo. El pasado reciente se celebra como base sólida y el presente se presenta como el instante decisivo para completar ese trayecto histórico.","A partir de la recuperación de nuestra democracia, Chile ha vivido las 3 décadas probablemente más exitosas de nuestra historia… Pero aún estamos a mitad de camino hacia nuestro Puerto de Destino. || A nuestro Gobierno, a este Congreso y a todos los chilenos y chilenas, nos corresponde liderar una Nueva Transición || Las generaciones futuras nos juzgarán por la forma en que enfrentamos este desafío.",Chile como nave a mitad de camino hacia su puerto de destino
discurso_2020,2020,pinera,el pueblo chileno resiliente ante adversidades acumuladas y simultáneas,"El sujeto central es la nación entera —especialmente sus familias y trabajadores— que ha demostrado coraje y resiliencia frente a la pandemia, la recesión y la crisis social del estallido. Piñera se posiciona como conductor de ese pueblo, no como protagonista individual.","el pueblo chileno, un pueblo forjado en el rigor del esfuerzo y en el temple de la adversidad, ha sabido ponerse de pie, secar las lágrimas, volver a caminar || Hemos vivido tiempos de adversidad y esta noche todos los chilenos y chilenas son merecedores del reconocimiento por el coraje, la resiliencia que han demostrado || quiero agradecer a todos y cada uno de mis compatriotas por el coraje, por la solidaridad, por la resiliencia con que han enfrentado la pandemia del coronavirus y la pandemia de la recesión mundial","la triple pandemia: virus, recesión y violencia que acorralan al país","El adversario no es un actor político sino una confluencia de amenazas externas e internas: la pandemia sanitaria, la recesión económica mundial y la violencia/vandalismo post-18 de octubre, presentadas como males que asedian simultáneamente a Chile.","hoy enfrentamos tres nuevos urgente problemas y desafíos: la pandemia del coronavirus, la recesión económica mundial y la necesaria recuperación de nuestra economía || la ola de violencia y vandalismo que conocimos a partir del 18 de octubre y que debemos desterrar por el grave daño que esa violencia causó al cuerpo y al alma de nuestra nación || El coronavirus, en conjunto con esta recesión económica, está provocando una aguda y severa crisis social que está afectando dolorosamente a millones y millones de familias y hogares chilenos","una patria libre, justa y buena que se lega a las generaciones futuras","La visión aspiracional es un Chile que derrota la pobreza, logra igualdad de oportunidades y se convierte en un buen país para nacer, crecer y envejecer. La metáfora de la antorcha que se traspasa entre generaciones articula este horizonte como misión histórica colectiva.","la misión de nuestra generación es construir un país en que todos tengamos la posibilidad de desarrollar en plenitud nuestros talentos, un buen país para nacer, para crecer, para estudiar, para trabajar, para envejecer || construir una patria libre, grande, una patria buena, patria parte justa que podamos legar con orgullo a nuestros hijos, que podamos también legar con orgullo a nuestros nietos || los estamos esperando con los brazos abiertos para que tomen la antorcha de la libertad y del amor por Chile",crisis,"El discurso enmarca el momento como uno de los instantes más cruciales en 210 años de historia republicana: una acumulación excepcional de crisis que pone a prueba el alma de la nación. Sin embargo, la crisis se presenta como superable mediante unidad, por lo que convive con un acento de oportunidad.","Estamos enfrentando hoy día uno de esos momentos cruciales, decisivos en la vida de los países. Son estos momentos trascendentes los que ponen realmente a prueba el alma de la nación y el temple de nuestro pueblo || Durante estos 210 años de vida independiente nuestra patria ha conocido periodos de luces y de sombras, ha cosechado triunfos y derrotas || así conquistamos nuestra libertad, así recuperamos nuestra democracia, así reconstruimos nuestro país después del terremoto del 27F, y así vamos a superar la pandemia del coronavirus y la pandemia de la recesión mundial",la antorcha generacional que se traspasa entre chilenos
discurso_2021,2021,pinera,Chile resistiendo simultáneamente cuatro crisis superpuestas,"El sujeto central no es el gobierno ni un sector social, sino Chile como nación que enfrenta un momento de adversidad múltiple y simultánea. El relato construye un 'nosotros' nacional que carga con el peso de crisis encadenadas.","Durante los últimos 20 meses, los chilenos hemos debido enfrentar múltiples crisis en forma simultánea. || Desde marzo del año pasado hemos convivido 15 meses con la adversidad. En tiempos difíciles los pesimistas se lamentan y los optimistas esperan que pasen. Pero no basta con lamentarse ni con esperar. || han sido 20 meses de adversidades para nuestro país y para las familias chilenas. Pero también tiempos en que los chilenos hemos mostrado resiliencia, coraje y fortaleza para enfrentar estas adversidades.","Acumulación de crisis: pandemia, estallido, recesión y violencia","El antagonista no es una clase ni un actor político sino una convergencia de fuerzas adversas: el virus, la violencia del estallido, la recesión económica y la fractura social. Son presentadas como males externos o acumulados que golpean a todos por igual.","nos azota una pandemia devastadora que ha causado dolor, muerte y pérdida de libertades. La crisis que se manifestó el 18 de octubre sigue latente. || Una ola de violencia irracional que llevó a grupos minoritarios y delictuales a quemar o destruir 118 de las 136 estaciones del Metro. || el adversario a derrotar no es el Gobierno, es la pandemia. La causa a asumir no es enfrentarnos, es unirnos para proteger la salud y la vida de todos los chilenos.","Chile libre, justo y digno construido en unidad entre todos","El horizonte aspiracional es un país que trate a todos con dignidad, donde se combinen libertad, justicia e igualdad de oportunidades. Se proyecta una nación reconciliada que supera sus fracturas históricas mediante acuerdos, no mediante ruptura.","hacer de Chile un país más libre, hacer de Chile un país más justo, hacer de Chile un país de oportunidades, y por sobre todo, hacer de Chile, más allá de nuestras legítimas diferencias, un país trate a todos con dignidad. Un país de amigos y hermanos. || Chile somos todos y tenemos que soñarlo, dibujarlo y construirlo entre todos. || Una Constitución nunca debe partir de cero. Debe recoger siempre los aportes de las generaciones pasadas, la voluntad de las generaciones presentes y las esperanzas de las generaciones futuras.",crisis,"El discurso enmarca el momento como una encrucijada histórica comparable a otras crisis nacionales del siglo XX. La épica no es de refundación sino de resistencia: sobrevivir, recuperarse y no cometer los errores del pasado.","Hoy nuevamente estamos en una encrucijada de la historia. Al igual que al mundo entero, nos azota una pandemia devastadora. || En resumen, estamos nuevamente en un momento crucial en el que las decisiones de hoy marcarán, confiamos que para bien, nuestro destino y el de las próximas generaciones. || A lo largo de nuestra historia Chile ha enfrentado otros momentos difíciles. Por ejemplo, el año 1918, el mundo y Chile enfrentamos la mortífera gripe española.",tiempos de adversidad que Chile puede y debe superar
discurso_2022,2022,boric,los marginados que la transición postergó y el estallido expresó,"El sujeto central del relato son quienes quedaron excluidos del crecimiento de las últimas décadas: trabajadores, mujeres, jóvenes, pueblos indígenas, personas mayores. El estallido social los vuelve protagonistas históricos que demandan derechos, no favores.","Son muchos y muchas quienes quedaron desplazados de las oportunidades del crecimiento del país en las últimas décadas y la política institucional no se hizo cargo de ese legítimo malestar que se estaba incubando. || Fueron millones los que se reconocieron en problemas comunes y se organizaron para que las cosas sean distintas. || Quiero que construyamos, juntos y juntas, un país en donde la educación, la salud, la vivienda, tu seguridad social, no estén determinadas por cuánta plata tiene tu familia.",la desigualdad estructural y la fractura social acumulada por décadas,"El adversario no es una élite nominada, sino un orden heredado que concentró el poder, fragmentó el país social y territorialmente, y tradujo el origen en destino. También aparecen el crimen organizado y la violencia como amenaza concreta al presente.","Uno de los principales nudos de nuestra historia republicana ha sido la concentración del poder en pocas manos y la persistencia de una sociedad en la que el lugar de nacimiento determina las posibilidades de desarrollo de todas las personas. || Esta fragmentación es hoy una dolorosa fractura. Y no podemos desconocerla ni seguir profundizándola. || Las esperanzas populares por mayor justicia en más de una ocasión han sido opacadas, e incluso ahogadas a sangre y fuego, y ésta es una historia que también, desde esta tarima oficial, tenemos el deber de contar.","una sociedad sin privilegios ni abusos, con derechos garantizados para todos","El Chile prometido es uno donde los derechos sociales —salud, educación, pensión, vivienda, seguridad— dejan de depender del dinero familiar y pasan a ser garantías del Estado. Se proyecta como construcción colectiva, intergeneracional e inclusiva, sin exclusiones.","Quisiera que fuéramos recordados como un Gobierno que dio pasos claros y decididos en la construcción de una sociedad sin privilegios ni abusos. || Quiero que construyamos, juntos y juntas, un país en donde la educación, la salud, la vivienda, tu seguridad social, no estén determinadas por cuánta plata tiene tu familia. Son derechos y, como tales, el Estado tiene el deber de garantizarlos. || Sentar las bases del Chile que anhelamos construir para las niñas y los niños de hoy, y para las futuras generaciones, sin descuidar las urgencias del presente.",reparación,"El momento se enmarca como una oportunidad histórica para saldar deudas acumuladas durante décadas —con los pobres, los pueblos indígenas, las mujeres, las víctimas de la dictadura y del estallido— antes de que la fractura social se vuelva irreversible. No es refundación total ni simple continuidad: es reparación de lo postergado.","El único camino para iniciar la superación de los conflictos es generar acuerdos que respondan adecuadamente a las deudas históricas del Estado con los pueblos indígenas. || Hoy, Honorable Congreso, tenemos la tremenda oportunidad de recomponer las confianzas entre el pueblo y sus instituciones, de hacernos cargo de estas urgencias. || El próximo año se cumplen 50 años desde el golpe de Estado y son, aún, muchas las deudas que arrastramos. Vamos a seguir buscando incansablemente a los desaparecidos a través de un Plan Nacional de Búsqueda.",sanar las heridas que fracturan y dividen al país
discurso_2023,2023,boric,ciudadanos golpeados por crisis que el Estado debe alcanzar,"El centro narrativo es el pueblo concreto y diverso que sufre inseguridad, precariedad laboral, listas de espera y abandono. Boric los nombra uno a uno como mandato moral que orienta su gobierno.","Me guía en mi labor la curiosidad fantástica de un niño Aymará, en Putre; el empuje para salir adelante de una comerciante de Antofagasta; la sabia calma de un pescador de las caletas de Iquique || el mensaje de todos ellos, de todas ellas que representan a miles es que no los olvidemos. Que no nos olvidemos que es por ellos y por ellas que estamos aquí. || las urgencias del pueblo deben ser también las urgencias del Gobierno.","crimen organizado, herencia de crisis acumuladas y Estado lento","El relato enfrenta una triple amenaza: la delincuencia organizada que superó al Estado en modernización, las crisis heredadas al asumir, y una burocracia estatal que frena los cambios prometidos.","la delincuencia, el narco y el crimen organizado se modernizó mucho más rápido de lo que lo hizo el Estado para combatirlos y proteger a la población. || Tenemos grandísimos desafíos que abordar, pero con un Estado que aún no cumple plenamente con los estándares que para ello se requiere. Necesitamos más agilidad y menos burocracia. || Chile entero está conmovido, preocupado y ocupado por el grado de violencia que ha alcanzado la delincuencia en nuestro país.",Chile con derechos como pisos compartidos de dignidad para todos,"La visión aspiracional es un país donde derechos sociales concretos —salud, pensiones, vivienda, cuidados— dejen de ser promesas y se vivan como pisos mínimos garantizados. La cohesión social y la confianza recuperada son la imagen de fondo.","Nuestro norte, compatriotas, es avanzar hacia el reconocimiento de derechos que constituyan pisos compartidos de dignidad para cada persona que habita esta larga y angosta faja de tierra. || hay algo fundamental que nos falta recuperar y que está ahí, a la mano, que es la esperanza y la confianza en nosotros mismos. || cuando colaboramos entre nosotros, cuando nos ayudamos entre nosotros, cuando hay solidaridad entre nosotros, cuando hay cohesión social en nuestro Chile, avanzamos mejor y más rápido.",recuperación,"El momento histórico se enmarca como recuperación de un país que llegó al gobierno en crisis múltiples —inflación, violencia, pandemia, proceso constituyente fallido— y que ahora retoma el orden, la estabilidad y la confianza, aunque sin darse por satisfecho.","el panorama de Chile es al menos más ordenado que cuando tomamos el Gobierno. La escalada inflacionaria peligrosa está frenada y en retroceso, las fronteras están más controladas. || las tendencias disolventes que existían en nuestra sociedad al menos han comenzado a retroceder. Estamos mejor parados como país, estamos más fortalecidos como democracia. || hemos reordenado nuestras prioridades y seguiremos haciendo todo lo que sea necesario. Porque las urgencias del pueblo deben ser también las urgencias del Gobierno.",Chile que se ordena y recupera el terreno perdido
discurso_2024,2024,boric,la mayoría trabajadora y honesta que merece bienestar colectivo,"El sujeto central del relato es el pueblo trabajador y esforzado, compuesto por familias que luchan cotidianamente y que el Estado debe proteger mediante una sociedad de bienestar compartido. Las mujeres cuidadoras, los trabajadores y los vecinos de barrio encarnan este protagonismo.","nuestro hermoso país, compuesto en su gran y abrumadora mayoría por gente trabajadora, esforzada y honesta, que merecen una vida tranquila, y debemos dársela. || El cimiento de nuestra vida en común son esas personas que muchas veces han sido invisibilizadas y que con dedicación y esfuerzo preparan la comida, lavan la loza, hacen el aseo, educan, cuidan la salud || que el lugar de nacimiento no determine la trayectoria vital y que las circunstancias de la vida, como la niñez, la vejez y la enfermedad, se entiendan como etapas que deben ser abordadas no individualmente sino como sociedad","la violencia, el crimen organizado y la desesperanza acumulada","El adversario no es solo el crimen organizado externo, sino la violencia enquistada en la convivencia social y el monstruo de la desesperanza que corroe la confianza colectiva. Ambas fuerzas se retroalimentan y debilitan las instituciones democráticas.","el monstruo de la desesperanza ha estado sentado aquí en el living, y tenemos que expulsarlo. || el adversario es la violencia, que la lucha que estamos dando contra la criminalidad se apoya en políticas públicas especializadas y bien financiadas, pero su base más profunda depende de nuestro esfuerzo por alejar a la violencia de nuestra sociedad en todas las dimensiones. || el crimen organizado ha prosperado en todo el mundo y lo hace valiéndose de la debilidad de las instituciones y del retroceso de la legitimidad del orden social.",una sociedad del bienestar donde nadie enfrenta solo las adversidades de la vida,"El Chile prometido es una sociedad cohesionada que asume colectivamente el cuidado, la seguridad y la justicia social, donde el origen no determina el destino y donde el Estado actúa como garante de derechos compartidos. Es un proyecto gradual, construido paso a paso sobre legados anteriores.","construyendo paso a paso una sociedad del bienestar sobre el legado de quienes nos antecedieron. Esto es, en simple, que el lugar de nacimiento no determine la trayectoria vital || queremos erigir a los cuidados como un cuarto pilar de la protección social, en conjunto con la salud, la educación y las pensiones, que nutra, de esta manera, la sociedad del bienestar que estamos construyendo. || Chile tiene todo el potencial para ver con esperanza el futuro y materializar paso a paso aquellos cambios que nuestro país necesita.",recuperación,"El momento histórico se enmarca como una recuperación múltiple: de la estabilidad económica tras la pandemia y el estallido, de la confianza colectiva erosionada, y de una trayectoria de progreso social interrumpida. El gobierno se presenta como el agente que estabiliza, normaliza y retoma el rumbo tras años de crisis acumuladas.","Lo más difícil en materia económica ya pasó. Vencimos la inflación, pusimos nuestras cuentas en orden, sorteamos las divisiones surgidas del proceso constitucional || Para construir confianza en el país que somos y en el que podemos ser. || Nos correspondió a nosotros como gobierno, en conjunto con el Banco Central, enfrentar estas amenazas. Cumplimos exitosamente la tarea de estabilizar la economía mediante un ajuste necesario que no se hizo a costa de los más vulnerables",construir paso a paso sobre el fuego del legado común
discurso_2025,2025,boric,el progresismo que gobierna cediendo sin claudicar,"El sujeto central no es el pueblo abstracto sino un gobierno que se narra a sí mismo como capaz de transformar sin romper, que ajusta el rumbo pero reivindica sus principios. Boric se constituye como protagonista reflexivo que balances logros y límites.","una de las virtudes de nuestro Gobierno fue precisamente ser capaz de ajustar sus prioridades sin abandonar jamás sus principios y ensanchar su espacio de alianzas para hacer posibles las transformaciones que Chile necesita. || ¿Hemos logrado todo lo que queríamos con la profundidad que queríamos? No, pero hemos avanzado en esa dirección atendiendo a las condiciones en las que nos tocó gobernar. || Con humildad, con firmeza y con honestidad.","el bloqueo político, el crimen organizado y el estancamiento estructural","El relato enfrenta tres fuerzas antagónicas simultáneas: la polarización que impide acuerdos, el crimen organizado que amenaza la paz, y el modelo económico agotado que frena el desarrollo. No hay un enemigo único sino una tríada de obstáculos sistémicos.","el germen de las interpretaciones reduccionistas estaba plantado, y se expresó de manera clara en los dos procesos constituyentes que intentamos. || No se puede, estimados congresistas, pedir en la mañana más eficacia ante el crimen organizado y votar en contra de levantar el secreto bancario en la tarde. || El modelo que permitió a nuestra economía crecer durante las décadas de los 90 y los 2000 está agotado y, como decíamos, ya hace más de 15 años la productividad está estancada.","un Chile seguro, justo y próspero construido entre todos sin vanguardias","La visión aspiracional es un país donde el crecimiento económico y la justicia social no compiten sino confluyen, donde los acuerdos entre distintos reemplazan la lógica de aplanadoras, y donde los derechos conquistados son universales y permanentes.","la convivencia se fortalece desde la esperanza y no desde el miedo. || Chile no quiere ni precisa de vanguardias que se escapen del sentido común de su propio pueblo, y una profunda reivindicación de que este país lo construimos entre todos y todas, sin negar jamás a quien piensa distinto. || el crecimiento económico se transforma en desarrollo propiamente tal cuando hay redistribución justa de la riqueza y el bienestar alcanza a todos y a todas.",balance,"El momento histórico se enmarca como un ejercicio honesto de rendición de cuentas al final de un ciclo, donde el gobierno evalúa lo hecho sin autocomplacencia ni derrotismo. La épica no es de refundación ni de crisis sino de aprendizaje colectivo y gobernabilidad democrática.","Por cuarta y última vez vengo a dar cuenta al país de los avances y desafíos de mi gobierno. || ¿Cómo valorar los logros alcanzados sin caer en la autocomplacencia, reconocer los tropiezos y errores sin ser derrotista, asumir los cambios de timón cuando fue necesario hacerlos? || Considero que es un profundo error entender estos procesos constitucionales como un fracaso, porque fueron un tremendo aprendizaje para Chile.",ajustar el timón sin abandonar el rumbo
